Beer_ID,Beer_Name,ABV,Type,Style,Brewery,ID
63649,Rare D.O.S.,,Stout,American Double / Imperial Stout,Peg's Cantina & Brewpub / Cycle Brewing,Stout1
42349,Vanilla Bean Aged Dark Lord,13.0,Stout,Russian Imperial Stout,Three Floyds Brewing Co. & Brewpub,Stout1
63649,Rare D.O.S.,,Stout,American Double / Imperial Stout,Peg's Cantina & Brewpub / Cycle Brewing,Stout2
47658,Founders CBS Imperial Stout,10.6,Stout,American Double / Imperial Stout,Founders Brewing Company,Stout2
63649,Rare D.O.S.,,Stout,American Double / Imperial Stout,Peg's Cantina & Brewpub / Cycle Brewing,Stout3
42664,Kaggen! Stormaktsporter,10.0,Stout,Russian Imperial Stout,Närke Kulturbryggeri AB,Stout3
63649,Rare D.O.S.,,Stout,American Double / Imperial Stout,Peg's Cantina & Brewpub / Cycle Brewing,Stout4
62397,Rare Bourbon County Stout,13.0,Stout,American Double / Imperial Stout,Goose Island Beer Co.,Stout4
63649,Rare D.O.S.,,Stout,American Double / Imperial Stout,Peg's Cantina & Brewpub / Cycle Brewing,Stout5
47200,Stormaktsporter,9.0,Stout,Russian Imperial Stout,Närke Kulturbryggeri AB,Stout5
63649,Rare D.O.S.,,Stout,American Double / Imperial Stout,Peg's Cantina & Brewpub / Cycle Brewing,Stout6
54035,AleSmith Speedway Stout - Kopi Luwak,12.0,Stout,American Double / Imperial Stout,AleSmith Brewing Company,Stout6
63649,Rare D.O.S.,,Stout,American Double / Imperial Stout,Peg's Cantina & Brewpub / Cycle Brewing,Stout7
34420,The Abyss,11.0,Stout,American Double / Imperial Stout,Deschutes Brewery,Stout7
63649,Rare D.O.S.,,Stout,American Double / Imperial Stout,Peg's Cantina & Brewpub / Cycle Brewing,Stout8
30184,Oak Aged Dark Lord Imperial Stout,13.0,Stout,Russian Imperial Stout,Three Floyds Brewing Co. & Brewpub,Stout8
63649,Rare D.O.S.,,Stout,American Double / Imperial Stout,Peg's Cantina & Brewpub / Cycle Brewing,Stout9
56812,Marshal Zhukov's Imperial Stout - Zhukov's Final Push,11.5,Stout,Russian Imperial Stout,Cigar City Brewing,Stout9
42349,Vanilla Bean Aged Dark Lord,13.0,Stout,Russian Imperial Stout,Three Floyds Brewing Co. & Brewpub,Stout10
47658,Founders CBS Imperial Stout,10.6,Stout,American Double / Imperial Stout,Founders Brewing Company,Stout10
42349,Vanilla Bean Aged Dark Lord,13.0,Stout,Russian Imperial Stout,Three Floyds Brewing Co. & Brewpub,Stout11
42664,Kaggen! Stormaktsporter,10.0,Stout,Russian Imperial Stout,Närke Kulturbryggeri AB,Stout11
42349,Vanilla Bean Aged Dark Lord,13.0,Stout,Russian Imperial Stout,Three Floyds Brewing Co. & Brewpub,Stout12
62397,Rare Bourbon County Stout,13.0,Stout,American Double / Imperial Stout,Goose Island Beer Co.,Stout12
42349,Vanilla Bean Aged Dark Lord,13.0,Stout,Russian Imperial Stout,Three Floyds Brewing Co. & Brewpub,Stout13
47200,Stormaktsporter,9.0,Stout,Russian Imperial Stout,Närke Kulturbryggeri AB,Stout13
42349,Vanilla Bean Aged Dark Lord,13.0,Stout,Russian Imperial Stout,Three Floyds Brewing Co. & Brewpub,Stout14
54035,AleSmith Speedway Stout - Kopi Luwak,12.0,Stout,American Double / Imperial Stout,AleSmith Brewing Company,Stout14
42349,Vanilla Bean Aged Dark Lord,13.0,Stout,Russian Imperial Stout,Three Floyds Brewing Co. & Brewpub,Stout15
34420,The Abyss,11.0,Stout,American Double / Imperial Stout,Deschutes Brewery,Stout15
42349,Vanilla Bean Aged Dark Lord,13.0,Stout,Russian Imperial Stout,Three Floyds Brewing Co. & Brewpub,Stout16
30184,Oak Aged Dark Lord Imperial Stout,13.0,Stout,Russian Imperial Stout,Three Floyds Brewing Co. & Brewpub,Stout16
42349,Vanilla Bean Aged Dark Lord,13.0,Stout,Russian Imperial Stout,Three Floyds Brewing Co. & Brewpub,Stout17
56812,Marshal Zhukov's Imperial Stout - Zhukov's Final Push,11.5,Stout,Russian Imperial Stout,Cigar City Brewing,Stout17
47658,Founders CBS Imperial Stout,10.6,Stout,American Double / Imperial Stout,Founders Brewing Company,Stout18
42664,Kaggen! Stormaktsporter,10.0,Stout,Russian Imperial Stout,Närke Kulturbryggeri AB,Stout18
47658,Founders CBS Imperial Stout,10.6,Stout,American Double / Imperial Stout,Founders Brewing Company,Stout19
62397,Rare Bourbon County Stout,13.0,Stout,American Double / Imperial Stout,Goose Island Beer Co.,Stout19
47658,Founders CBS Imperial Stout,10.6,Stout,American Double / Imperial Stout,Founders Brewing Company,Stout20
47200,Stormaktsporter,9.0,Stout,Russian Imperial Stout,Närke Kulturbryggeri AB,Stout20
47658,Founders CBS Imperial Stout,10.6,Stout,American Double / Imperial Stout,Founders Brewing Company,Stout21
54035,AleSmith Speedway Stout - Kopi Luwak,12.0,Stout,American Double / Imperial Stout,AleSmith Brewing Company,Stout21
47658,Founders CBS Imperial Stout,10.6,Stout,American Double / Imperial Stout,Founders Brewing Company,Stout22
34420,The Abyss,11.0,Stout,American Double / Imperial Stout,Deschutes Brewery,Stout22
47658,Founders CBS Imperial Stout,10.6,Stout,American Double / Imperial Stout,Founders Brewing Company,Stout23
30184,Oak Aged Dark Lord Imperial Stout,13.0,Stout,Russian Imperial Stout,Three Floyds Brewing Co. & Brewpub,Stout23
47658,Founders CBS Imperial Stout,10.6,Stout,American Double / Imperial Stout,Founders Brewing Company,Stout24
56812,Marshal Zhukov's Imperial Stout - Zhukov's Final Push,11.5,Stout,Russian Imperial Stout,Cigar City Brewing,Stout24
42664,Kaggen! Stormaktsporter,10.0,Stout,Russian Imperial Stout,Närke Kulturbryggeri AB,Stout25
62397,Rare Bourbon County Stout,13.0,Stout,American Double / Imperial Stout,Goose Island Beer Co.,Stout25
42664,Kaggen! Stormaktsporter,10.0,Stout,Russian Imperial Stout,Närke Kulturbryggeri AB,Stout26
47200,Stormaktsporter,9.0,Stout,Russian Imperial Stout,Närke Kulturbryggeri AB,Stout26
42664,Kaggen! Stormaktsporter,10.0,Stout,Russian Imperial Stout,Närke Kulturbryggeri AB,Stout27
54035,AleSmith Speedway Stout - Kopi Luwak,12.0,Stout,American Double / Imperial Stout,AleSmith Brewing Company,Stout27
42664,Kaggen! Stormaktsporter,10.0,Stout,Russian Imperial Stout,Närke Kulturbryggeri AB,Stout28
34420,The Abyss,11.0,Stout,American Double / Imperial Stout,Deschutes Brewery,Stout28
42664,Kaggen! Stormaktsporter,10.0,Stout,Russian Imperial Stout,Närke Kulturbryggeri AB,Stout29
30184,Oak Aged Dark Lord Imperial Stout,13.0,Stout,Russian Imperial Stout,Three Floyds Brewing Co. & Brewpub,Stout29
42664,Kaggen! Stormaktsporter,10.0,Stout,Russian Imperial Stout,Närke Kulturbryggeri AB,Stout30
56812,Marshal Zhukov's Imperial Stout - Zhukov's Final Push,11.5,Stout,Russian Imperial Stout,Cigar City Brewing,Stout30
62397,Rare Bourbon County Stout,13.0,Stout,American Double / Imperial Stout,Goose Island Beer Co.,Stout31
47200,Stormaktsporter,9.0,Stout,Russian Imperial Stout,Närke Kulturbryggeri AB,Stout31
62397,Rare Bourbon County Stout,13.0,Stout,American Double / Imperial Stout,Goose Island Beer Co.,Stout32
54035,AleSmith Speedway Stout - Kopi Luwak,12.0,Stout,American Double / Imperial Stout,AleSmith Brewing Company,Stout32
62397,Rare Bourbon County Stout,13.0,Stout,American Double / Imperial Stout,Goose Island Beer Co.,Stout33
34420,The Abyss,11.0,Stout,American Double / Imperial Stout,Deschutes Brewery,Stout33
62397,Rare Bourbon County Stout,13.0,Stout,American Double / Imperial Stout,Goose Island Beer Co.,Stout34
30184,Oak Aged Dark Lord Imperial Stout,13.0,Stout,Russian Imperial Stout,Three Floyds Brewing Co. & Brewpub,Stout34
62397,Rare Bourbon County Stout,13.0,Stout,American Double / Imperial Stout,Goose Island Beer Co.,Stout35
56812,Marshal Zhukov's Imperial Stout - Zhukov's Final Push,11.5,Stout,Russian Imperial Stout,Cigar City Brewing,Stout35
47200,Stormaktsporter,9.0,Stout,Russian Imperial Stout,Närke Kulturbryggeri AB,Stout36
54035,AleSmith Speedway Stout - Kopi Luwak,12.0,Stout,American Double / Imperial Stout,AleSmith Brewing Company,Stout36
47200,Stormaktsporter,9.0,Stout,Russian Imperial Stout,Närke Kulturbryggeri AB,Stout37
34420,The Abyss,11.0,Stout,American Double / Imperial Stout,Deschutes Brewery,Stout37
47200,Stormaktsporter,9.0,Stout,Russian Imperial Stout,Närke Kulturbryggeri AB,Stout38
30184,Oak Aged Dark Lord Imperial Stout,13.0,Stout,Russian Imperial Stout,Three Floyds Brewing Co. & Brewpub,Stout38
47200,Stormaktsporter,9.0,Stout,Russian Imperial Stout,Närke Kulturbryggeri AB,Stout39
56812,Marshal Zhukov's Imperial Stout - Zhukov's Final Push,11.5,Stout,Russian Imperial Stout,Cigar City Brewing,Stout39
54035,AleSmith Speedway Stout - Kopi Luwak,12.0,Stout,American Double / Imperial Stout,AleSmith Brewing Company,Stout40
34420,The Abyss,11.0,Stout,American Double / Imperial Stout,Deschutes Brewery,Stout40
54035,AleSmith Speedway Stout - Kopi Luwak,12.0,Stout,American Double / Imperial Stout,AleSmith Brewing Company,Stout41
30184,Oak Aged Dark Lord Imperial Stout,13.0,Stout,Russian Imperial Stout,Three Floyds Brewing Co. & Brewpub,Stout41
54035,AleSmith Speedway Stout - Kopi Luwak,12.0,Stout,American Double / Imperial Stout,AleSmith Brewing Company,Stout42
56812,Marshal Zhukov's Imperial Stout - Zhukov's Final Push,11.5,Stout,Russian Imperial Stout,Cigar City Brewing,Stout42
34420,The Abyss,11.0,Stout,American Double / Imperial Stout,Deschutes Brewery,Stout43
30184,Oak Aged Dark Lord Imperial Stout,13.0,Stout,Russian Imperial Stout,Three Floyds Brewing Co. & Brewpub,Stout43
34420,The Abyss,11.0,Stout,American Double / Imperial Stout,Deschutes Brewery,Stout44
56812,Marshal Zhukov's Imperial Stout - Zhukov's Final Push,11.5,Stout,Russian Imperial Stout,Cigar City Brewing,Stout44
30184,Oak Aged Dark Lord Imperial Stout,13.0,Stout,Russian Imperial Stout,Three Floyds Brewing Co. & Brewpub,Stout45
56812,Marshal Zhukov's Imperial Stout - Zhukov's Final Push,11.5,Stout,Russian Imperial Stout,Cigar City Brewing,Stout45
48450,AleSmith Decadence 2007 Imperial Porter Barrel Aged,10.0,Porter,American Porter,AleSmith Brewing Company,Porter1
5752,Stone 6th Anniversary Porter,8.0,Porter,Baltic Porter,Stone Brewing Co.,Porter1
48450,AleSmith Decadence 2007 Imperial Porter Barrel Aged,10.0,Porter,American Porter,AleSmith Brewing Company,Porter2
62761,Maple Bacon Coffee Porter,6.3,Porter,American Porter,The Funky Buddha Lounge & Brewery,Porter2
48450,AleSmith Decadence 2007 Imperial Porter Barrel Aged,10.0,Porter,American Porter,AleSmith Brewing Company,Porter3
61062,Everett Robust Porter,7.5,Porter,American Porter,Hill Farmstead Brewery,Porter3
48450,AleSmith Decadence 2007 Imperial Porter Barrel Aged,10.0,Porter,American Porter,AleSmith Brewing Company,Porter4
35015,Victory At Sea (Barrel Aged) Imperial Porter,12.2,Porter,American Porter,Ballast Point Brewing Company,Porter4
48450,AleSmith Decadence 2007 Imperial Porter Barrel Aged,10.0,Porter,American Porter,AleSmith Brewing Company,Porter5
75502,Birth Of Tragedy,11.0,Porter,American Porter,Hill Farmstead Brewery,Porter5
48450,AleSmith Decadence 2007 Imperial Porter Barrel Aged,10.0,Porter,American Porter,AleSmith Brewing Company,Porter6
72579,Barrel Aged Ken Schmidt/Maui/Stone Kona Coffee Macadamia Coconut Porter,8.5,Porter,American Porter,Stone Brewing Co.,Porter6
48450,AleSmith Decadence 2007 Imperial Porter Barrel Aged,10.0,Porter,American Porter,AleSmith Brewing Company,Porter7
13739,Porter,6.1,Porter,American Porter,Russian River Brewing Company,Porter7
48450,AleSmith Decadence 2007 Imperial Porter Barrel Aged,10.0,Porter,American Porter,AleSmith Brewing Company,Porter8
29219,Who's Your Daddy? Bourbon Barrel-Aged Imperial Porter,,Porter,American Porter,Tyranena Brewing Company,Porter8
48450,AleSmith Decadence 2007 Imperial Porter Barrel Aged,10.0,Porter,American Porter,AleSmith Brewing Company,Porter9
35702,Oak-Aged Imperial Chocolate Pumpkin Porter,7.8,Porter,American Porter,Midnight Sun Brewing Co.,Porter9
5752,Stone 6th Anniversary Porter,8.0,Porter,Baltic Porter,Stone Brewing Co.,Porter10
62761,Maple Bacon Coffee Porter,6.3,Porter,American Porter,The Funky Buddha Lounge & Brewery,Porter10
5752,Stone 6th Anniversary Porter,8.0,Porter,Baltic Porter,Stone Brewing Co.,Porter11
61062,Everett Robust Porter,7.5,Porter,American Porter,Hill Farmstead Brewery,Porter11
5752,Stone 6th Anniversary Porter,8.0,Porter,Baltic Porter,Stone Brewing Co.,Porter12
35015,Victory At Sea (Barrel Aged) Imperial Porter,12.2,Porter,American Porter,Ballast Point Brewing Company,Porter12
5752,Stone 6th Anniversary Porter,8.0,Porter,Baltic Porter,Stone Brewing Co.,Porter13
75502,Birth Of Tragedy,11.0,Porter,American Porter,Hill Farmstead Brewery,Porter13
5752,Stone 6th Anniversary Porter,8.0,Porter,Baltic Porter,Stone Brewing Co.,Porter14
72579,Barrel Aged Ken Schmidt/Maui/Stone Kona Coffee Macadamia Coconut Porter,8.5,Porter,American Porter,Stone Brewing Co.,Porter14
5752,Stone 6th Anniversary Porter,8.0,Porter,Baltic Porter,Stone Brewing Co.,Porter15
13739,Porter,6.1,Porter,American Porter,Russian River Brewing Company,Porter15
5752,Stone 6th Anniversary Porter,8.0,Porter,Baltic Porter,Stone Brewing Co.,Porter16
29219,Who's Your Daddy? Bourbon Barrel-Aged Imperial Porter,,Porter,American Porter,Tyranena Brewing Company,Porter16
5752,Stone 6th Anniversary Porter,8.0,Porter,Baltic Porter,Stone Brewing Co.,Porter17
35702,Oak-Aged Imperial Chocolate Pumpkin Porter,7.8,Porter,American Porter,Midnight Sun Brewing Co.,Porter17
62761,Maple Bacon Coffee Porter,6.3,Porter,American Porter,The Funky Buddha Lounge & Brewery,Porter18
61062,Everett Robust Porter,7.5,Porter,American Porter,Hill Farmstead Brewery,Porter18
62761,Maple Bacon Coffee Porter,6.3,Porter,American Porter,The Funky Buddha Lounge & Brewery,Porter19
35015,Victory At Sea (Barrel Aged) Imperial Porter,12.2,Porter,American Porter,Ballast Point Brewing Company,Porter19
62761,Maple Bacon Coffee Porter,6.3,Porter,American Porter,The Funky Buddha Lounge & Brewery,Porter20
75502,Birth Of Tragedy,11.0,Porter,American Porter,Hill Farmstead Brewery,Porter20
62761,Maple Bacon Coffee Porter,6.3,Porter,American Porter,The Funky Buddha Lounge & Brewery,Porter21
72579,Barrel Aged Ken Schmidt/Maui/Stone Kona Coffee Macadamia Coconut Porter,8.5,Porter,American Porter,Stone Brewing Co.,Porter21
62761,Maple Bacon Coffee Porter,6.3,Porter,American Porter,The Funky Buddha Lounge & Brewery,Porter22
13739,Porter,6.1,Porter,American Porter,Russian River Brewing Company,Porter22
62761,Maple Bacon Coffee Porter,6.3,Porter,American Porter,The Funky Buddha Lounge & Brewery,Porter23
29219,Who's Your Daddy? Bourbon Barrel-Aged Imperial Porter,,Porter,American Porter,Tyranena Brewing Company,Porter23
62761,Maple Bacon Coffee Porter,6.3,Porter,American Porter,The Funky Buddha Lounge & Brewery,Porter24
35702,Oak-Aged Imperial Chocolate Pumpkin Porter,7.8,Porter,American Porter,Midnight Sun Brewing Co.,Porter24
61062,Everett Robust Porter,7.5,Porter,American Porter,Hill Farmstead Brewery,Porter25
35015,Victory At Sea (Barrel Aged) Imperial Porter,12.2,Porter,American Porter,Ballast Point Brewing Company,Porter25
61062,Everett Robust Porter,7.5,Porter,American Porter,Hill Farmstead Brewery,Porter26
75502,Birth Of Tragedy,11.0,Porter,American Porter,Hill Farmstead Brewery,Porter26
61062,Everett Robust Porter,7.5,Porter,American Porter,Hill Farmstead Brewery,Porter27
72579,Barrel Aged Ken Schmidt/Maui/Stone Kona Coffee Macadamia Coconut Porter,8.5,Porter,American Porter,Stone Brewing Co.,Porter27
61062,Everett Robust Porter,7.5,Porter,American Porter,Hill Farmstead Brewery,Porter28
13739,Porter,6.1,Porter,American Porter,Russian River Brewing Company,Porter28
61062,Everett Robust Porter,7.5,Porter,American Porter,Hill Farmstead Brewery,Porter29
29219,Who's Your Daddy? Bourbon Barrel-Aged Imperial Porter,,Porter,American Porter,Tyranena Brewing Company,Porter29
61062,Everett Robust Porter,7.5,Porter,American Porter,Hill Farmstead Brewery,Porter30
35702,Oak-Aged Imperial Chocolate Pumpkin Porter,7.8,Porter,American Porter,Midnight Sun Brewing Co.,Porter30
35015,Victory At Sea (Barrel Aged) Imperial Porter,12.2,Porter,American Porter,Ballast Point Brewing Company,Porter31
75502,Birth Of Tragedy,11.0,Porter,American Porter,Hill Farmstead Brewery,Porter31
35015,Victory At Sea (Barrel Aged) Imperial Porter,12.2,Porter,American Porter,Ballast Point Brewing Company,Porter32
72579,Barrel Aged Ken Schmidt/Maui/Stone Kona Coffee Macadamia Coconut Porter,8.5,Porter,American Porter,Stone Brewing Co.,Porter32
35015,Victory At Sea (Barrel Aged) Imperial Porter,12.2,Porter,American Porter,Ballast Point Brewing Company,Porter33
13739,Porter,6.1,Porter,American Porter,Russian River Brewing Company,Porter33
35015,Victory At Sea (Barrel Aged) Imperial Porter,12.2,Porter,American Porter,Ballast Point Brewing Company,Porter34
29219,Who's Your Daddy? Bourbon Barrel-Aged Imperial Porter,,Porter,American Porter,Tyranena Brewing Company,Porter34
35015,Victory At Sea (Barrel Aged) Imperial Porter,12.2,Porter,American Porter,Ballast Point Brewing Company,Porter35
35702,Oak-Aged Imperial Chocolate Pumpkin Porter,7.8,Porter,American Porter,Midnight Sun Brewing Co.,Porter35
75502,Birth Of Tragedy,11.0,Porter,American Porter,Hill Farmstead Brewery,Porter36
72579,Barrel Aged Ken Schmidt/Maui/Stone Kona Coffee Macadamia Coconut Porter,8.5,Porter,American Porter,Stone Brewing Co.,Porter36
75502,Birth Of Tragedy,11.0,Porter,American Porter,Hill Farmstead Brewery,Porter37
13739,Porter,6.1,Porter,American Porter,Russian River Brewing Company,Porter37
75502,Birth Of Tragedy,11.0,Porter,American Porter,Hill Farmstead Brewery,Porter38
29219,Who's Your Daddy? Bourbon Barrel-Aged Imperial Porter,,Porter,American Porter,Tyranena Brewing Company,Porter38
75502,Birth Of Tragedy,11.0,Porter,American Porter,Hill Farmstead Brewery,Porter39
35702,Oak-Aged Imperial Chocolate Pumpkin Porter,7.8,Porter,American Porter,Midnight Sun Brewing Co.,Porter39
72579,Barrel Aged Ken Schmidt/Maui/Stone Kona Coffee Macadamia Coconut Porter,8.5,Porter,American Porter,Stone Brewing Co.,Porter40
13739,Porter,6.1,Porter,American Porter,Russian River Brewing Company,Porter40
72579,Barrel Aged Ken Schmidt/Maui/Stone Kona Coffee Macadamia Coconut Porter,8.5,Porter,American Porter,Stone Brewing Co.,Porter41
29219,Who's Your Daddy? Bourbon Barrel-Aged Imperial Porter,,Porter,American Porter,Tyranena Brewing Company,Porter41
72579,Barrel Aged Ken Schmidt/Maui/Stone Kona Coffee Macadamia Coconut Porter,8.5,Porter,American Porter,Stone Brewing Co.,Porter42
35702,Oak-Aged Imperial Chocolate Pumpkin Porter,7.8,Porter,American Porter,Midnight Sun Brewing Co.,Porter42
13739,Porter,6.1,Porter,American Porter,Russian River Brewing Company,Porter43
29219,Who's Your Daddy? Bourbon Barrel-Aged Imperial Porter,,Porter,American Porter,Tyranena Brewing Company,Porter43
13739,Porter,6.1,Porter,American Porter,Russian River Brewing Company,Porter44
35702,Oak-Aged Imperial Chocolate Pumpkin Porter,7.8,Porter,American Porter,Midnight Sun Brewing Co.,Porter44
29219,Who's Your Daddy? Bourbon Barrel-Aged Imperial Porter,,Porter,American Porter,Tyranena Brewing Company,Porter45
35702,Oak-Aged Imperial Chocolate Pumpkin Porter,7.8,Porter,American Porter,Midnight Sun Brewing Co.,Porter45
21690,Pliny The Younger,11.0,IPA,American Double / Imperial IPA,Russian River Brewing Company,IPA1
7971,Pliny The Elder,8.0,IPA,American Double / Imperial IPA,Russian River Brewing Company,IPA1
21690,Pliny The Younger,11.0,IPA,American Double / Imperial IPA,Russian River Brewing Company,IPA2
56082,Citra DIPA,8.0,IPA,American Double / Imperial IPA,Kern River Brewing Company,IPA2
21690,Pliny The Younger,11.0,IPA,American Double / Imperial IPA,Russian River Brewing Company,IPA3
67760,Galaxy Imperial Single Hop IPA,8.0,IPA,American Double / Imperial IPA,Hill Farmstead Brewery,IPA3
21690,Pliny The Younger,11.0,IPA,American Double / Imperial IPA,Russian River Brewing Company,IPA4
16814,Heady Topper,8.0,IPA,American Double / Imperial IPA,The Alchemist,IPA4
21690,Pliny The Younger,11.0,IPA,American Double / Imperial IPA,Russian River Brewing Company,IPA5
65472,Nickel Bag - O'Brien's 17th Anniversary,10.0,IPA,American Double / Imperial IPA,Port Brewing Company / Pizza Port,IPA5
21690,Pliny The Younger,11.0,IPA,American Double / Imperial IPA,Russian River Brewing Company,IPA6
857,Trappist Westvleteren 8,8.0,IPA,Dubbel,Brouwerij Westvleteren (Sint-Sixtusabdij van Westvleteren),IPA6
21690,Pliny The Younger,11.0,IPA,American Double / Imperial IPA,Russian River Brewing Company,IPA7
64545,Double Sunshine IPA,8.0,IPA,American Double / Imperial IPA,Lawson's Finest Liquids,IPA7
21690,Pliny The Younger,11.0,IPA,American Double / Imperial IPA,Russian River Brewing Company,IPA8
66444,Red Racer Imperial IPA,9.0,IPA,American Double / Imperial IPA,Central City Brewing,IPA8
21690,Pliny The Younger,11.0,IPA,American Double / Imperial IPA,Russian River Brewing Company,IPA9
16940,India Pale Ale (Dry Hopped / Bottleworks),7.0,IPA,American IPA,LaConner Brewing Company,IPA9
7971,Pliny The Elder,8.0,IPA,American Double / Imperial IPA,Russian River Brewing Company,IPA10
56082,Citra DIPA,8.0,IPA,American Double / Imperial IPA,Kern River Brewing Company,IPA10
7971,Pliny The Elder,8.0,IPA,American Double / Imperial IPA,Russian River Brewing Company,IPA11
67760,Galaxy Imperial Single Hop IPA,8.0,IPA,American Double / Imperial IPA,Hill Farmstead Brewery,IPA11
7971,Pliny The Elder,8.0,IPA,American Double / Imperial IPA,Russian River Brewing Company,IPA12
16814,Heady Topper,8.0,IPA,American Double / Imperial IPA,The Alchemist,IPA12
7971,Pliny The Elder,8.0,IPA,American Double / Imperial IPA,Russian River Brewing Company,IPA13
65472,Nickel Bag - O'Brien's 17th Anniversary,10.0,IPA,American Double / Imperial IPA,Port Brewing Company / Pizza Port,IPA13
7971,Pliny The Elder,8.0,IPA,American Double / Imperial IPA,Russian River Brewing Company,IPA14
857,Trappist Westvleteren 8,8.0,IPA,Dubbel,Brouwerij Westvleteren (Sint-Sixtusabdij van Westvleteren),IPA14
7971,Pliny The Elder,8.0,IPA,American Double / Imperial IPA,Russian River Brewing Company,IPA15
64545,Double Sunshine IPA,8.0,IPA,American Double / Imperial IPA,Lawson's Finest Liquids,IPA15
7971,Pliny The Elder,8.0,IPA,American Double / Imperial IPA,Russian River Brewing Company,IPA16
66444,Red Racer Imperial IPA,9.0,IPA,American Double / Imperial IPA,Central City Brewing,IPA16
7971,Pliny The Elder,8.0,IPA,American Double / Imperial IPA,Russian River Brewing Company,IPA17
16940,India Pale Ale (Dry Hopped / Bottleworks),7.0,IPA,American IPA,LaConner Brewing Company,IPA17
56082,Citra DIPA,8.0,IPA,American Double / Imperial IPA,Kern River Brewing Company,IPA18
67760,Galaxy Imperial Single Hop IPA,8.0,IPA,American Double / Imperial IPA,Hill Farmstead Brewery,IPA18
56082,Citra DIPA,8.0,IPA,American Double / Imperial IPA,Kern River Brewing Company,IPA19
16814,Heady Topper,8.0,IPA,American Double / Imperial IPA,The Alchemist,IPA19
56082,Citra DIPA,8.0,IPA,American Double / Imperial IPA,Kern River Brewing Company,IPA20
65472,Nickel Bag - O'Brien's 17th Anniversary,10.0,IPA,American Double / Imperial IPA,Port Brewing Company / Pizza Port,IPA20
56082,Citra DIPA,8.0,IPA,American Double / Imperial IPA,Kern River Brewing Company,IPA21
857,Trappist Westvleteren 8,8.0,IPA,Dubbel,Brouwerij Westvleteren (Sint-Sixtusabdij van Westvleteren),IPA21
56082,Citra DIPA,8.0,IPA,American Double / Imperial IPA,Kern River Brewing Company,IPA22
64545,Double Sunshine IPA,8.0,IPA,American Double / Imperial IPA,Lawson's Finest Liquids,IPA22
56082,Citra DIPA,8.0,IPA,American Double / Imperial IPA,Kern River Brewing Company,IPA23
66444,Red Racer Imperial IPA,9.0,IPA,American Double / Imperial IPA,Central City Brewing,IPA23
56082,Citra DIPA,8.0,IPA,American Double / Imperial IPA,Kern River Brewing Company,IPA24
16940,India Pale Ale (Dry Hopped / Bottleworks),7.0,IPA,American IPA,LaConner Brewing Company,IPA24
67760,Galaxy Imperial Single Hop IPA,8.0,IPA,American Double / Imperial IPA,Hill Farmstead Brewery,IPA25
16814,Heady Topper,8.0,IPA,American Double / Imperial IPA,The Alchemist,IPA25
67760,Galaxy Imperial Single Hop IPA,8.0,IPA,American Double / Imperial IPA,Hill Farmstead Brewery,IPA26
65472,Nickel Bag - O'Brien's 17th Anniversary,10.0,IPA,American Double / Imperial IPA,Port Brewing Company / Pizza Port,IPA26
67760,Galaxy Imperial Single Hop IPA,8.0,IPA,American Double / Imperial IPA,Hill Farmstead Brewery,IPA27
857,Trappist Westvleteren 8,8.0,IPA,Dubbel,Brouwerij Westvleteren (Sint-Sixtusabdij van Westvleteren),IPA27
67760,Galaxy Imperial Single Hop IPA,8.0,IPA,American Double / Imperial IPA,Hill Farmstead Brewery,IPA28
64545,Double Sunshine IPA,8.0,IPA,American Double / Imperial IPA,Lawson's Finest Liquids,IPA28
67760,Galaxy Imperial Single Hop IPA,8.0,IPA,American Double / Imperial IPA,Hill Farmstead Brewery,IPA29
66444,Red Racer Imperial IPA,9.0,IPA,American Double / Imperial IPA,Central City Brewing,IPA29
67760,Galaxy Imperial Single Hop IPA,8.0,IPA,American Double / Imperial IPA,Hill Farmstead Brewery,IPA30
16940,India Pale Ale (Dry Hopped / Bottleworks),7.0,IPA,American IPA,LaConner Brewing Company,IPA30
16814,Heady Topper,8.0,IPA,American Double / Imperial IPA,The Alchemist,IPA31
65472,Nickel Bag - O'Brien's 17th Anniversary,10.0,IPA,American Double / Imperial IPA,Port Brewing Company / Pizza Port,IPA31
16814,Heady Topper,8.0,IPA,American Double / Imperial IPA,The Alchemist,IPA32
857,Trappist Westvleteren 8,8.0,IPA,Dubbel,Brouwerij Westvleteren (Sint-Sixtusabdij van Westvleteren),IPA32
16814,Heady Topper,8.0,IPA,American Double / Imperial IPA,The Alchemist,IPA33
64545,Double Sunshine IPA,8.0,IPA,American Double / Imperial IPA,Lawson's Finest Liquids,IPA33
16814,Heady Topper,8.0,IPA,American Double / Imperial IPA,The Alchemist,IPA34
66444,Red Racer Imperial IPA,9.0,IPA,American Double / Imperial IPA,Central City Brewing,IPA34
16814,Heady Topper,8.0,IPA,American Double / Imperial IPA,The Alchemist,IPA35
16940,India Pale Ale (Dry Hopped / Bottleworks),7.0,IPA,American IPA,LaConner Brewing Company,IPA35
65472,Nickel Bag - O'Brien's 17th Anniversary,10.0,IPA,American Double / Imperial IPA,Port Brewing Company / Pizza Port,IPA36
857,Trappist Westvleteren 8,8.0,IPA,Dubbel,Brouwerij Westvleteren (Sint-Sixtusabdij van Westvleteren),IPA36
65472,Nickel Bag - O'Brien's 17th Anniversary,10.0,IPA,American Double / Imperial IPA,Port Brewing Company / Pizza Port,IPA37
64545,Double Sunshine IPA,8.0,IPA,American Double / Imperial IPA,Lawson's Finest Liquids,IPA37
65472,Nickel Bag - O'Brien's 17th Anniversary,10.0,IPA,American Double / Imperial IPA,Port Brewing Company / Pizza Port,IPA38
66444,Red Racer Imperial IPA,9.0,IPA,American Double / Imperial IPA,Central City Brewing,IPA38
65472,Nickel Bag - O'Brien's 17th Anniversary,10.0,IPA,American Double / Imperial IPA,Port Brewing Company / Pizza Port,IPA39
16940,India Pale Ale (Dry Hopped / Bottleworks),7.0,IPA,American IPA,LaConner Brewing Company,IPA39
857,Trappist Westvleteren 8,8.0,IPA,Dubbel,Brouwerij Westvleteren (Sint-Sixtusabdij van Westvleteren),IPA40
64545,Double Sunshine IPA,8.0,IPA,American Double / Imperial IPA,Lawson's Finest Liquids,IPA40
857,Trappist Westvleteren 8,8.0,IPA,Dubbel,Brouwerij Westvleteren (Sint-Sixtusabdij van Westvleteren),IPA41
66444,Red Racer Imperial IPA,9.0,IPA,American Double / Imperial IPA,Central City Brewing,IPA41
857,Trappist Westvleteren 8,8.0,IPA,Dubbel,Brouwerij Westvleteren (Sint-Sixtusabdij van Westvleteren),IPA42
16940,India Pale Ale (Dry Hopped / Bottleworks),7.0,IPA,American IPA,LaConner Brewing Company,IPA42
64545,Double Sunshine IPA,8.0,IPA,American Double / Imperial IPA,Lawson's Finest Liquids,IPA43
66444,Red Racer Imperial IPA,9.0,IPA,American Double / Imperial IPA,Central City Brewing,IPA43
64545,Double Sunshine IPA,8.0,IPA,American Double / Imperial IPA,Lawson's Finest Liquids,IPA44
16940,India Pale Ale (Dry Hopped / Bottleworks),7.0,IPA,American IPA,LaConner Brewing Company,IPA44
66444,Red Racer Imperial IPA,9.0,IPA,American Double / Imperial IPA,Central City Brewing,IPA45
16940,India Pale Ale (Dry Hopped / Bottleworks),7.0,IPA,American IPA,LaConner Brewing Company,IPA45
8626,Southampton Berliner Weisse,2.0,Wheat Ale,Berliner Weissbier,Southampton Publick House,Wheat Ale1
731,Weihenstephaner Hefeweissbier,5.4,Wheat Ale,Hefeweizen,Bayerische Staatsbrauerei Weihenstephan,Wheat Ale1
8626,Southampton Berliner Weisse,2.0,Wheat Ale,Berliner Weissbier,Southampton Publick House,Wheat Ale2
1062,Live Oak HefeWeizen,5.2,Wheat Ale,Hefeweizen,Live Oak Brewing Company,Wheat Ale2
8626,Southampton Berliner Weisse,2.0,Wheat Ale,Berliner Weissbier,Southampton Publick House,Wheat Ale3
37586,Dancing Man Wheat,7.2,Wheat Ale,Hefeweizen,New Glarus Brewing Company,Wheat Ale3
8626,Southampton Berliner Weisse,2.0,Wheat Ale,Berliner Weissbier,Southampton Publick House,Wheat Ale4
4907,Solstice D'ete,5.9,Wheat Ale,Berliner Weissbier,Brasserie Dieu Du Ciel,Wheat Ale4
8626,Southampton Berliner Weisse,2.0,Wheat Ale,Berliner Weissbier,Southampton Publick House,Wheat Ale5
3995,Andechser Weissbier Hefetrüb,5.5,Wheat Ale,Hefeweizen,Klosterbrauerei Andechs,Wheat Ale5
8626,Southampton Berliner Weisse,2.0,Wheat Ale,Berliner Weissbier,Southampton Publick House,Wheat Ale6
808,Weihenstephaner Hefeweissbier Dunkel,5.3,Wheat Ale,Dunkelweizen,Bayerische Staatsbrauerei Weihenstephan,Wheat Ale6
8626,Southampton Berliner Weisse,2.0,Wheat Ale,Berliner Weissbier,Southampton Publick House,Wheat Ale7
763,Schneider Weisse Weizenhell (Hefeweizen),4.9,Wheat Ale,Hefeweizen,Weisses Bräuhaus G. Schneider & Sohn GmbH,Wheat Ale7
8626,Southampton Berliner Weisse,2.0,Wheat Ale,Berliner Weissbier,Southampton Publick House,Wheat Ale8
9478,Gumballhead,4.5,Wheat Ale,American Pale Wheat Ale,Three Floyds Brewing Co. & Brewpub,Wheat Ale8
8626,Southampton Berliner Weisse,2.0,Wheat Ale,Berliner Weissbier,Southampton Publick House,Wheat Ale9
27625,Drunk Monk Hefeweizen,5.5,Wheat Ale,Hefeweizen,Three Floyds Brewing Co. & Brewpub,Wheat Ale9
731,Weihenstephaner Hefeweissbier,5.4,Wheat Ale,Hefeweizen,Bayerische Staatsbrauerei Weihenstephan,Wheat Ale10
1062,Live Oak HefeWeizen,5.2,Wheat Ale,Hefeweizen,Live Oak Brewing Company,Wheat Ale10
731,Weihenstephaner Hefeweissbier,5.4,Wheat Ale,Hefeweizen,Bayerische Staatsbrauerei Weihenstephan,Wheat Ale11
37586,Dancing Man Wheat,7.2,Wheat Ale,Hefeweizen,New Glarus Brewing Company,Wheat Ale11
731,Weihenstephaner Hefeweissbier,5.4,Wheat Ale,Hefeweizen,Bayerische Staatsbrauerei Weihenstephan,Wheat Ale12
4907,Solstice D'ete,5.9,Wheat Ale,Berliner Weissbier,Brasserie Dieu Du Ciel,Wheat Ale12
731,Weihenstephaner Hefeweissbier,5.4,Wheat Ale,Hefeweizen,Bayerische Staatsbrauerei Weihenstephan,Wheat Ale13
3995,Andechser Weissbier Hefetrüb,5.5,Wheat Ale,Hefeweizen,Klosterbrauerei Andechs,Wheat Ale13
731,Weihenstephaner Hefeweissbier,5.4,Wheat Ale,Hefeweizen,Bayerische Staatsbrauerei Weihenstephan,Wheat Ale14
808,Weihenstephaner Hefeweissbier Dunkel,5.3,Wheat Ale,Dunkelweizen,Bayerische Staatsbrauerei Weihenstephan,Wheat Ale14
731,Weihenstephaner Hefeweissbier,5.4,Wheat Ale,Hefeweizen,Bayerische Staatsbrauerei Weihenstephan,Wheat Ale15
763,Schneider Weisse Weizenhell (Hefeweizen),4.9,Wheat Ale,Hefeweizen,Weisses Bräuhaus G. Schneider & Sohn GmbH,Wheat Ale15
731,Weihenstephaner Hefeweissbier,5.4,Wheat Ale,Hefeweizen,Bayerische Staatsbrauerei Weihenstephan,Wheat Ale16
9478,Gumballhead,4.5,Wheat Ale,American Pale Wheat Ale,Three Floyds Brewing Co. & Brewpub,Wheat Ale16
731,Weihenstephaner Hefeweissbier,5.4,Wheat Ale,Hefeweizen,Bayerische Staatsbrauerei Weihenstephan,Wheat Ale17
27625,Drunk Monk Hefeweizen,5.5,Wheat Ale,Hefeweizen,Three Floyds Brewing Co. & Brewpub,Wheat Ale17
1062,Live Oak HefeWeizen,5.2,Wheat Ale,Hefeweizen,Live Oak Brewing Company,Wheat Ale18
37586,Dancing Man Wheat,7.2,Wheat Ale,Hefeweizen,New Glarus Brewing Company,Wheat Ale18
1062,Live Oak HefeWeizen,5.2,Wheat Ale,Hefeweizen,Live Oak Brewing Company,Wheat Ale19
4907,Solstice D'ete,5.9,Wheat Ale,Berliner Weissbier,Brasserie Dieu Du Ciel,Wheat Ale19
1062,Live Oak HefeWeizen,5.2,Wheat Ale,Hefeweizen,Live Oak Brewing Company,Wheat Ale20
3995,Andechser Weissbier Hefetrüb,5.5,Wheat Ale,Hefeweizen,Klosterbrauerei Andechs,Wheat Ale20
1062,Live Oak HefeWeizen,5.2,Wheat Ale,Hefeweizen,Live Oak Brewing Company,Wheat Ale21
808,Weihenstephaner Hefeweissbier Dunkel,5.3,Wheat Ale,Dunkelweizen,Bayerische Staatsbrauerei Weihenstephan,Wheat Ale21
1062,Live Oak HefeWeizen,5.2,Wheat Ale,Hefeweizen,Live Oak Brewing Company,Wheat Ale22
763,Schneider Weisse Weizenhell (Hefeweizen),4.9,Wheat Ale,Hefeweizen,Weisses Bräuhaus G. Schneider & Sohn GmbH,Wheat Ale22
1062,Live Oak HefeWeizen,5.2,Wheat Ale,Hefeweizen,Live Oak Brewing Company,Wheat Ale23
9478,Gumballhead,4.5,Wheat Ale,American Pale Wheat Ale,Three Floyds Brewing Co. & Brewpub,Wheat Ale23
1062,Live Oak HefeWeizen,5.2,Wheat Ale,Hefeweizen,Live Oak Brewing Company,Wheat Ale24
27625,Drunk Monk Hefeweizen,5.5,Wheat Ale,Hefeweizen,Three Floyds Brewing Co. & Brewpub,Wheat Ale24
37586,Dancing Man Wheat,7.2,Wheat Ale,Hefeweizen,New Glarus Brewing Company,Wheat Ale25
4907,Solstice D'ete,5.9,Wheat Ale,Berliner Weissbier,Brasserie Dieu Du Ciel,Wheat Ale25
37586,Dancing Man Wheat,7.2,Wheat Ale,Hefeweizen,New Glarus Brewing Company,Wheat Ale26
3995,Andechser Weissbier Hefetrüb,5.5,Wheat Ale,Hefeweizen,Klosterbrauerei Andechs,Wheat Ale26
37586,Dancing Man Wheat,7.2,Wheat Ale,Hefeweizen,New Glarus Brewing Company,Wheat Ale27
808,Weihenstephaner Hefeweissbier Dunkel,5.3,Wheat Ale,Dunkelweizen,Bayerische Staatsbrauerei Weihenstephan,Wheat Ale27
37586,Dancing Man Wheat,7.2,Wheat Ale,Hefeweizen,New Glarus Brewing Company,Wheat Ale28
763,Schneider Weisse Weizenhell (Hefeweizen),4.9,Wheat Ale,Hefeweizen,Weisses Bräuhaus G. Schneider & Sohn GmbH,Wheat Ale28
37586,Dancing Man Wheat,7.2,Wheat Ale,Hefeweizen,New Glarus Brewing Company,Wheat Ale29
9478,Gumballhead,4.5,Wheat Ale,American Pale Wheat Ale,Three Floyds Brewing Co. & Brewpub,Wheat Ale29
37586,Dancing Man Wheat,7.2,Wheat Ale,Hefeweizen,New Glarus Brewing Company,Wheat Ale30
27625,Drunk Monk Hefeweizen,5.5,Wheat Ale,Hefeweizen,Three Floyds Brewing Co. & Brewpub,Wheat Ale30
4907,Solstice D'ete,5.9,Wheat Ale,Berliner Weissbier,Brasserie Dieu Du Ciel,Wheat Ale31
3995,Andechser Weissbier Hefetrüb,5.5,Wheat Ale,Hefeweizen,Klosterbrauerei Andechs,Wheat Ale31
4907,Solstice D'ete,5.9,Wheat Ale,Berliner Weissbier,Brasserie Dieu Du Ciel,Wheat Ale32
808,Weihenstephaner Hefeweissbier Dunkel,5.3,Wheat Ale,Dunkelweizen,Bayerische Staatsbrauerei Weihenstephan,Wheat Ale32
4907,Solstice D'ete,5.9,Wheat Ale,Berliner Weissbier,Brasserie Dieu Du Ciel,Wheat Ale33
763,Schneider Weisse Weizenhell (Hefeweizen),4.9,Wheat Ale,Hefeweizen,Weisses Bräuhaus G. Schneider & Sohn GmbH,Wheat Ale33
4907,Solstice D'ete,5.9,Wheat Ale,Berliner Weissbier,Brasserie Dieu Du Ciel,Wheat Ale34
9478,Gumballhead,4.5,Wheat Ale,American Pale Wheat Ale,Three Floyds Brewing Co. & Brewpub,Wheat Ale34
4907,Solstice D'ete,5.9,Wheat Ale,Berliner Weissbier,Brasserie Dieu Du Ciel,Wheat Ale35
27625,Drunk Monk Hefeweizen,5.5,Wheat Ale,Hefeweizen,Three Floyds Brewing Co. & Brewpub,Wheat Ale35
3995,Andechser Weissbier Hefetrüb,5.5,Wheat Ale,Hefeweizen,Klosterbrauerei Andechs,Wheat Ale36
808,Weihenstephaner Hefeweissbier Dunkel,5.3,Wheat Ale,Dunkelweizen,Bayerische Staatsbrauerei Weihenstephan,Wheat Ale36
3995,Andechser Weissbier Hefetrüb,5.5,Wheat Ale,Hefeweizen,Klosterbrauerei Andechs,Wheat Ale37
763,Schneider Weisse Weizenhell (Hefeweizen),4.9,Wheat Ale,Hefeweizen,Weisses Bräuhaus G. Schneider & Sohn GmbH,Wheat Ale37
3995,Andechser Weissbier Hefetrüb,5.5,Wheat Ale,Hefeweizen,Klosterbrauerei Andechs,Wheat Ale38
9478,Gumballhead,4.5,Wheat Ale,American Pale Wheat Ale,Three Floyds Brewing Co. & Brewpub,Wheat Ale38
3995,Andechser Weissbier Hefetrüb,5.5,Wheat Ale,Hefeweizen,Klosterbrauerei Andechs,Wheat Ale39
27625,Drunk Monk Hefeweizen,5.5,Wheat Ale,Hefeweizen,Three Floyds Brewing Co. & Brewpub,Wheat Ale39
808,Weihenstephaner Hefeweissbier Dunkel,5.3,Wheat Ale,Dunkelweizen,Bayerische Staatsbrauerei Weihenstephan,Wheat Ale40
763,Schneider Weisse Weizenhell (Hefeweizen),4.9,Wheat Ale,Hefeweizen,Weisses Bräuhaus G. Schneider & Sohn GmbH,Wheat Ale40
808,Weihenstephaner Hefeweissbier Dunkel,5.3,Wheat Ale,Dunkelweizen,Bayerische Staatsbrauerei Weihenstephan,Wheat Ale41
9478,Gumballhead,4.5,Wheat Ale,American Pale Wheat Ale,Three Floyds Brewing Co. & Brewpub,Wheat Ale41
808,Weihenstephaner Hefeweissbier Dunkel,5.3,Wheat Ale,Dunkelweizen,Bayerische Staatsbrauerei Weihenstephan,Wheat Ale42
27625,Drunk Monk Hefeweizen,5.5,Wheat Ale,Hefeweizen,Three Floyds Brewing Co. & Brewpub,Wheat Ale42
763,Schneider Weisse Weizenhell (Hefeweizen),4.9,Wheat Ale,Hefeweizen,Weisses Bräuhaus G. Schneider & Sohn GmbH,Wheat Ale43
9478,Gumballhead,4.5,Wheat Ale,American Pale Wheat Ale,Three Floyds Brewing Co. & Brewpub,Wheat Ale43
763,Schneider Weisse Weizenhell (Hefeweizen),4.9,Wheat Ale,Hefeweizen,Weisses Bräuhaus G. Schneider & Sohn GmbH,Wheat Ale44
27625,Drunk Monk Hefeweizen,5.5,Wheat Ale,Hefeweizen,Three Floyds Brewing Co. & Brewpub,Wheat Ale44
9478,Gumballhead,4.5,Wheat Ale,American Pale Wheat Ale,Three Floyds Brewing Co. & Brewpub,Wheat Ale45
27625,Drunk Monk Hefeweizen,5.5,Wheat Ale,Hefeweizen,Three Floyds Brewing Co. & Brewpub,Wheat Ale45
58610,Hoppy Birthday,5.25,Pale Ale,American Pale Ale (APA),Alpine Beer Company,Pale Ale1
72100,Civil Disobedience #1,7.0,Pale Ale,Saison / Farmhouse Ale,Hill Farmstead Brewery,Pale Ale1
58610,Hoppy Birthday,5.25,Pale Ale,American Pale Ale (APA),Alpine Beer Company,Pale Ale2
12165,Columbus Pale Ale,6.0,Pale Ale,American Pale Ale (APA),Minneapolis Town Hall Brewery,Pale Ale2
58610,Hoppy Birthday,5.25,Pale Ale,American Pale Ale (APA),Alpine Beer Company,Pale Ale3
64228,Zombie Dust,6.2,Pale Ale,American Pale Ale (APA),Three Floyds Brewing Co. & Brewpub,Pale Ale3
58610,Hoppy Birthday,5.25,Pale Ale,American Pale Ale (APA),Alpine Beer Company,Pale Ale4
28551,Simcoe Pale Ale,5.9,Pale Ale,American Pale Ale (APA),Minneapolis Town Hall Brewery,Pale Ale4
58610,Hoppy Birthday,5.25,Pale Ale,American Pale Ale (APA),Alpine Beer Company,Pale Ale5
19439,Parking Violation,5.5,Pale Ale,American Pale Ale (APA),Russian River Brewing Company,Pale Ale5
58610,Hoppy Birthday,5.25,Pale Ale,American Pale Ale (APA),Alpine Beer Company,Pale Ale6
68354,E.,7.0,Pale Ale,Saison / Farmhouse Ale,Hill Farmstead Brewery,Pale Ale6
58610,Hoppy Birthday,5.25,Pale Ale,American Pale Ale (APA),Alpine Beer Company,Pale Ale7
15881,Tröegs Nugget Nectar,7.5,Pale Ale,American Amber / Red Ale,Tröegs Brewing Company,Pale Ale7
58610,Hoppy Birthday,5.25,Pale Ale,American Pale Ale (APA),Alpine Beer Company,Pale Ale8
71883,Cuvee Three,7.0,Pale Ale,Saison / Farmhouse Ale,Redbud Brewing Company,Pale Ale8
58610,Hoppy Birthday,5.25,Pale Ale,American Pale Ale (APA),Alpine Beer Company,Pale Ale9
5057,Fantôme Saison,8.0,Pale Ale,Saison / Farmhouse Ale,Brasserie Fantôme,Pale Ale9
72100,Civil Disobedience #1,7.0,Pale Ale,Saison / Farmhouse Ale,Hill Farmstead Brewery,Pale Ale10
12165,Columbus Pale Ale,6.0,Pale Ale,American Pale Ale (APA),Minneapolis Town Hall Brewery,Pale Ale10
72100,Civil Disobedience #1,7.0,Pale Ale,Saison / Farmhouse Ale,Hill Farmstead Brewery,Pale Ale11
64228,Zombie Dust,6.2,Pale Ale,American Pale Ale (APA),Three Floyds Brewing Co. & Brewpub,Pale Ale11
72100,Civil Disobedience #1,7.0,Pale Ale,Saison / Farmhouse Ale,Hill Farmstead Brewery,Pale Ale12
28551,Simcoe Pale Ale,5.9,Pale Ale,American Pale Ale (APA),Minneapolis Town Hall Brewery,Pale Ale12
72100,Civil Disobedience #1,7.0,Pale Ale,Saison / Farmhouse Ale,Hill Farmstead Brewery,Pale Ale13
19439,Parking Violation,5.5,Pale Ale,American Pale Ale (APA),Russian River Brewing Company,Pale Ale13
72100,Civil Disobedience #1,7.0,Pale Ale,Saison / Farmhouse Ale,Hill Farmstead Brewery,Pale Ale14
68354,E.,7.0,Pale Ale,Saison / Farmhouse Ale,Hill Farmstead Brewery,Pale Ale14
72100,Civil Disobedience #1,7.0,Pale Ale,Saison / Farmhouse Ale,Hill Farmstead Brewery,Pale Ale15
15881,Tröegs Nugget Nectar,7.5,Pale Ale,American Amber / Red Ale,Tröegs Brewing Company,Pale Ale15
72100,Civil Disobedience #1,7.0,Pale Ale,Saison / Farmhouse Ale,Hill Farmstead Brewery,Pale Ale16
71883,Cuvee Three,7.0,Pale Ale,Saison / Farmhouse Ale,Redbud Brewing Company,Pale Ale16
72100,Civil Disobedience #1,7.0,Pale Ale,Saison / Farmhouse Ale,Hill Farmstead Brewery,Pale Ale17
5057,Fantôme Saison,8.0,Pale Ale,Saison / Farmhouse Ale,Brasserie Fantôme,Pale Ale17
12165,Columbus Pale Ale,6.0,Pale Ale,American Pale Ale (APA),Minneapolis Town Hall Brewery,Pale Ale18
64228,Zombie Dust,6.2,Pale Ale,American Pale Ale (APA),Three Floyds Brewing Co. & Brewpub,Pale Ale18
12165,Columbus Pale Ale,6.0,Pale Ale,American Pale Ale (APA),Minneapolis Town Hall Brewery,Pale Ale19
28551,Simcoe Pale Ale,5.9,Pale Ale,American Pale Ale (APA),Minneapolis Town Hall Brewery,Pale Ale19
12165,Columbus Pale Ale,6.0,Pale Ale,American Pale Ale (APA),Minneapolis Town Hall Brewery,Pale Ale20
19439,Parking Violation,5.5,Pale Ale,American Pale Ale (APA),Russian River Brewing Company,Pale Ale20
12165,Columbus Pale Ale,6.0,Pale Ale,American Pale Ale (APA),Minneapolis Town Hall Brewery,Pale Ale21
68354,E.,7.0,Pale Ale,Saison / Farmhouse Ale,Hill Farmstead Brewery,Pale Ale21
12165,Columbus Pale Ale,6.0,Pale Ale,American Pale Ale (APA),Minneapolis Town Hall Brewery,Pale Ale22
15881,Tröegs Nugget Nectar,7.5,Pale Ale,American Amber / Red Ale,Tröegs Brewing Company,Pale Ale22
12165,Columbus Pale Ale,6.0,Pale Ale,American Pale Ale (APA),Minneapolis Town Hall Brewery,Pale Ale23
71883,Cuvee Three,7.0,Pale Ale,Saison / Farmhouse Ale,Redbud Brewing Company,Pale Ale23
12165,Columbus Pale Ale,6.0,Pale Ale,American Pale Ale (APA),Minneapolis Town Hall Brewery,Pale Ale24
5057,Fantôme Saison,8.0,Pale Ale,Saison / Farmhouse Ale,Brasserie Fantôme,Pale Ale24
64228,Zombie Dust,6.2,Pale Ale,American Pale Ale (APA),Three Floyds Brewing Co. & Brewpub,Pale Ale25
28551,Simcoe Pale Ale,5.9,Pale Ale,American Pale Ale (APA),Minneapolis Town Hall Brewery,Pale Ale25
64228,Zombie Dust,6.2,Pale Ale,American Pale Ale (APA),Three Floyds Brewing Co. & Brewpub,Pale Ale26
19439,Parking Violation,5.5,Pale Ale,American Pale Ale (APA),Russian River Brewing Company,Pale Ale26
64228,Zombie Dust,6.2,Pale Ale,American Pale Ale (APA),Three Floyds Brewing Co. & Brewpub,Pale Ale27
68354,E.,7.0,Pale Ale,Saison / Farmhouse Ale,Hill Farmstead Brewery,Pale Ale27
64228,Zombie Dust,6.2,Pale Ale,American Pale Ale (APA),Three Floyds Brewing Co. & Brewpub,Pale Ale28
15881,Tröegs Nugget Nectar,7.5,Pale Ale,American Amber / Red Ale,Tröegs Brewing Company,Pale Ale28
64228,Zombie Dust,6.2,Pale Ale,American Pale Ale (APA),Three Floyds Brewing Co. & Brewpub,Pale Ale29
71883,Cuvee Three,7.0,Pale Ale,Saison / Farmhouse Ale,Redbud Brewing Company,Pale Ale29
64228,Zombie Dust,6.2,Pale Ale,American Pale Ale (APA),Three Floyds Brewing Co. & Brewpub,Pale Ale30
5057,Fantôme Saison,8.0,Pale Ale,Saison / Farmhouse Ale,Brasserie Fantôme,Pale Ale30
28551,Simcoe Pale Ale,5.9,Pale Ale,American Pale Ale (APA),Minneapolis Town Hall Brewery,Pale Ale31
19439,Parking Violation,5.5,Pale Ale,American Pale Ale (APA),Russian River Brewing Company,Pale Ale31
28551,Simcoe Pale Ale,5.9,Pale Ale,American Pale Ale (APA),Minneapolis Town Hall Brewery,Pale Ale32
68354,E.,7.0,Pale Ale,Saison / Farmhouse Ale,Hill Farmstead Brewery,Pale Ale32
28551,Simcoe Pale Ale,5.9,Pale Ale,American Pale Ale (APA),Minneapolis Town Hall Brewery,Pale Ale33
15881,Tröegs Nugget Nectar,7.5,Pale Ale,American Amber / Red Ale,Tröegs Brewing Company,Pale Ale33
28551,Simcoe Pale Ale,5.9,Pale Ale,American Pale Ale (APA),Minneapolis Town Hall Brewery,Pale Ale34
71883,Cuvee Three,7.0,Pale Ale,Saison / Farmhouse Ale,Redbud Brewing Company,Pale Ale34
28551,Simcoe Pale Ale,5.9,Pale Ale,American Pale Ale (APA),Minneapolis Town Hall Brewery,Pale Ale35
5057,Fantôme Saison,8.0,Pale Ale,Saison / Farmhouse Ale,Brasserie Fantôme,Pale Ale35
19439,Parking Violation,5.5,Pale Ale,American Pale Ale (APA),Russian River Brewing Company,Pale Ale36
68354,E.,7.0,Pale Ale,Saison / Farmhouse Ale,Hill Farmstead Brewery,Pale Ale36
19439,Parking Violation,5.5,Pale Ale,American Pale Ale (APA),Russian River Brewing Company,Pale Ale37
15881,Tröegs Nugget Nectar,7.5,Pale Ale,American Amber / Red Ale,Tröegs Brewing Company,Pale Ale37
19439,Parking Violation,5.5,Pale Ale,American Pale Ale (APA),Russian River Brewing Company,Pale Ale38
71883,Cuvee Three,7.0,Pale Ale,Saison / Farmhouse Ale,Redbud Brewing Company,Pale Ale38
19439,Parking Violation,5.5,Pale Ale,American Pale Ale (APA),Russian River Brewing Company,Pale Ale39
5057,Fantôme Saison,8.0,Pale Ale,Saison / Farmhouse Ale,Brasserie Fantôme,Pale Ale39
68354,E.,7.0,Pale Ale,Saison / Farmhouse Ale,Hill Farmstead Brewery,Pale Ale40
15881,Tröegs Nugget Nectar,7.5,Pale Ale,American Amber / Red Ale,Tröegs Brewing Company,Pale Ale40
68354,E.,7.0,Pale Ale,Saison / Farmhouse Ale,Hill Farmstead Brewery,Pale Ale41
71883,Cuvee Three,7.0,Pale Ale,Saison / Farmhouse Ale,Redbud Brewing Company,Pale Ale41
68354,E.,7.0,Pale Ale,Saison / Farmhouse Ale,Hill Farmstead Brewery,Pale Ale42
5057,Fantôme Saison,8.0,Pale Ale,Saison / Farmhouse Ale,Brasserie Fantôme,Pale Ale42
15881,Tröegs Nugget Nectar,7.5,Pale Ale,American Amber / Red Ale,Tröegs Brewing Company,Pale Ale43
71883,Cuvee Three,7.0,Pale Ale,Saison / Farmhouse Ale,Redbud Brewing Company,Pale Ale43
15881,Tröegs Nugget Nectar,7.5,Pale Ale,American Amber / Red Ale,Tröegs Brewing Company,Pale Ale44
5057,Fantôme Saison,8.0,Pale Ale,Saison / Farmhouse Ale,Brasserie Fantôme,Pale Ale44
71883,Cuvee Three,7.0,Pale Ale,Saison / Farmhouse Ale,Redbud Brewing Company,Pale Ale45
5057,Fantôme Saison,8.0,Pale Ale,Saison / Farmhouse Ale,Brasserie Fantôme,Pale Ale45
68548,Armand'4 Oude Geuze Lente (Spring),6.0,Sour,Gueuze,Brouwerij Drie Fonteinen,Sour1
44910,Dirty Horse,7.0,Sour,Lambic - Unblended,De Struise Brouwers,Sour1
68548,Armand'4 Oude Geuze Lente (Spring),6.0,Sour,Gueuze,Brouwerij Drie Fonteinen,Sour2
36316,Cantillon Blåbær Lambik,5.0,Sour,Lambic - Fruit,Brasserie Cantillon,Sour2
68548,Armand'4 Oude Geuze Lente (Spring),6.0,Sour,Gueuze,Brouwerij Drie Fonteinen,Sour3
41928,Deviation - Bottleworks 9th Anniversary,6.83,Sour,American Wild Ale,Russian River Brewing Company,Sour3
68548,Armand'4 Oude Geuze Lente (Spring),6.0,Sour,Gueuze,Brouwerij Drie Fonteinen,Sour4
70356,Armand'4 Oude Geuze Zomer (Summer),6.0,Sour,Gueuze,Brouwerij Drie Fonteinen,Sour4
68548,Armand'4 Oude Geuze Lente (Spring),6.0,Sour,Gueuze,Brouwerij Drie Fonteinen,Sour5
73627,Armand'4 Oude Geuze Herfst (Autumn),6.0,Sour,Gueuze,Brouwerij Drie Fonteinen,Sour5
68548,Armand'4 Oude Geuze Lente (Spring),6.0,Sour,Gueuze,Brouwerij Drie Fonteinen,Sour6
23413,Geuze Cuvée J&J (Joost En Jessie) Blauw (Blue),6.5,Sour,Gueuze,Brouwerij Drie Fonteinen,Sour6
68548,Armand'4 Oude Geuze Lente (Spring),6.0,Sour,Gueuze,Brouwerij Drie Fonteinen,Sour7
45957,Veritas 004,8.0,Sour,American Wild Ale,The Lost Abbey,Sour7
68548,Armand'4 Oude Geuze Lente (Spring),6.0,Sour,Gueuze,Brouwerij Drie Fonteinen,Sour8
44112,Yellow Bus,7.0,Sour,American Wild Ale,The Lost Abbey,Sour8
68548,Armand'4 Oude Geuze Lente (Spring),6.0,Sour,Gueuze,Brouwerij Drie Fonteinen,Sour9
44934,Black Cherry Bomb,,Sour,American Wild Ale,Bullfrog Brewery,Sour9
44910,Dirty Horse,7.0,Sour,Lambic - Unblended,De Struise Brouwers,Sour10
36316,Cantillon Blåbær Lambik,5.0,Sour,Lambic - Fruit,Brasserie Cantillon,Sour10
44910,Dirty Horse,7.0,Sour,Lambic - Unblended,De Struise Brouwers,Sour11
41928,Deviation - Bottleworks 9th Anniversary,6.83,Sour,American Wild Ale,Russian River Brewing Company,Sour11
44910,Dirty Horse,7.0,Sour,Lambic - Unblended,De Struise Brouwers,Sour12
70356,Armand'4 Oude Geuze Zomer (Summer),6.0,Sour,Gueuze,Brouwerij Drie Fonteinen,Sour12
44910,Dirty Horse,7.0,Sour,Lambic - Unblended,De Struise Brouwers,Sour13
73627,Armand'4 Oude Geuze Herfst (Autumn),6.0,Sour,Gueuze,Brouwerij Drie Fonteinen,Sour13
44910,Dirty Horse,7.0,Sour,Lambic - Unblended,De Struise Brouwers,Sour14
23413,Geuze Cuvée J&J (Joost En Jessie) Blauw (Blue),6.5,Sour,Gueuze,Brouwerij Drie Fonteinen,Sour14
44910,Dirty Horse,7.0,Sour,Lambic - Unblended,De Struise Brouwers,Sour15
45957,Veritas 004,8.0,Sour,American Wild Ale,The Lost Abbey,Sour15
44910,Dirty Horse,7.0,Sour,Lambic - Unblended,De Struise Brouwers,Sour16
44112,Yellow Bus,7.0,Sour,American Wild Ale,The Lost Abbey,Sour16
44910,Dirty Horse,7.0,Sour,Lambic - Unblended,De Struise Brouwers,Sour17
44934,Black Cherry Bomb,,Sour,American Wild Ale,Bullfrog Brewery,Sour17
36316,Cantillon Blåbær Lambik,5.0,Sour,Lambic - Fruit,Brasserie Cantillon,Sour18
41928,Deviation - Bottleworks 9th Anniversary,6.83,Sour,American Wild Ale,Russian River Brewing Company,Sour18
36316,Cantillon Blåbær Lambik,5.0,Sour,Lambic - Fruit,Brasserie Cantillon,Sour19
70356,Armand'4 Oude Geuze Zomer (Summer),6.0,Sour,Gueuze,Brouwerij Drie Fonteinen,Sour19
36316,Cantillon Blåbær Lambik,5.0,Sour,Lambic - Fruit,Brasserie Cantillon,Sour20
73627,Armand'4 Oude Geuze Herfst (Autumn),6.0,Sour,Gueuze,Brouwerij Drie Fonteinen,Sour20
36316,Cantillon Blåbær Lambik,5.0,Sour,Lambic - Fruit,Brasserie Cantillon,Sour21
23413,Geuze Cuvée J&J (Joost En Jessie) Blauw (Blue),6.5,Sour,Gueuze,Brouwerij Drie Fonteinen,Sour21
36316,Cantillon Blåbær Lambik,5.0,Sour,Lambic - Fruit,Brasserie Cantillon,Sour22
45957,Veritas 004,8.0,Sour,American Wild Ale,The Lost Abbey,Sour22
36316,Cantillon Blåbær Lambik,5.0,Sour,Lambic - Fruit,Brasserie Cantillon,Sour23
44112,Yellow Bus,7.0,Sour,American Wild Ale,The Lost Abbey,Sour23
36316,Cantillon Blåbær Lambik,5.0,Sour,Lambic - Fruit,Brasserie Cantillon,Sour24
44934,Black Cherry Bomb,,Sour,American Wild Ale,Bullfrog Brewery,Sour24
41928,Deviation - Bottleworks 9th Anniversary,6.83,Sour,American Wild Ale,Russian River Brewing Company,Sour25
70356,Armand'4 Oude Geuze Zomer (Summer),6.0,Sour,Gueuze,Brouwerij Drie Fonteinen,Sour25
41928,Deviation - Bottleworks 9th Anniversary,6.83,Sour,American Wild Ale,Russian River Brewing Company,Sour26
73627,Armand'4 Oude Geuze Herfst (Autumn),6.0,Sour,Gueuze,Brouwerij Drie Fonteinen,Sour26
41928,Deviation - Bottleworks 9th Anniversary,6.83,Sour,American Wild Ale,Russian River Brewing Company,Sour27
23413,Geuze Cuvée J&J (Joost En Jessie) Blauw (Blue),6.5,Sour,Gueuze,Brouwerij Drie Fonteinen,Sour27
41928,Deviation - Bottleworks 9th Anniversary,6.83,Sour,American Wild Ale,Russian River Brewing Company,Sour28
45957,Veritas 004,8.0,Sour,American Wild Ale,The Lost Abbey,Sour28
41928,Deviation - Bottleworks 9th Anniversary,6.83,Sour,American Wild Ale,Russian River Brewing Company,Sour29
44112,Yellow Bus,7.0,Sour,American Wild Ale,The Lost Abbey,Sour29
41928,Deviation - Bottleworks 9th Anniversary,6.83,Sour,American Wild Ale,Russian River Brewing Company,Sour30
44934,Black Cherry Bomb,,Sour,American Wild Ale,Bullfrog Brewery,Sour30
70356,Armand'4 Oude Geuze Zomer (Summer),6.0,Sour,Gueuze,Brouwerij Drie Fonteinen,Sour31
73627,Armand'4 Oude Geuze Herfst (Autumn),6.0,Sour,Gueuze,Brouwerij Drie Fonteinen,Sour31
70356,Armand'4 Oude Geuze Zomer (Summer),6.0,Sour,Gueuze,Brouwerij Drie Fonteinen,Sour32
23413,Geuze Cuvée J&J (Joost En Jessie) Blauw (Blue),6.5,Sour,Gueuze,Brouwerij Drie Fonteinen,Sour32
70356,Armand'4 Oude Geuze Zomer (Summer),6.0,Sour,Gueuze,Brouwerij Drie Fonteinen,Sour33
45957,Veritas 004,8.0,Sour,American Wild Ale,The Lost Abbey,Sour33
70356,Armand'4 Oude Geuze Zomer (Summer),6.0,Sour,Gueuze,Brouwerij Drie Fonteinen,Sour34
44112,Yellow Bus,7.0,Sour,American Wild Ale,The Lost Abbey,Sour34
70356,Armand'4 Oude Geuze Zomer (Summer),6.0,Sour,Gueuze,Brouwerij Drie Fonteinen,Sour35
44934,Black Cherry Bomb,,Sour,American Wild Ale,Bullfrog Brewery,Sour35
73627,Armand'4 Oude Geuze Herfst (Autumn),6.0,Sour,Gueuze,Brouwerij Drie Fonteinen,Sour36
23413,Geuze Cuvée J&J (Joost En Jessie) Blauw (Blue),6.5,Sour,Gueuze,Brouwerij Drie Fonteinen,Sour36
73627,Armand'4 Oude Geuze Herfst (Autumn),6.0,Sour,Gueuze,Brouwerij Drie Fonteinen,Sour37
45957,Veritas 004,8.0,Sour,American Wild Ale,The Lost Abbey,Sour37
73627,Armand'4 Oude Geuze Herfst (Autumn),6.0,Sour,Gueuze,Brouwerij Drie Fonteinen,Sour38
44112,Yellow Bus,7.0,Sour,American Wild Ale,The Lost Abbey,Sour38
73627,Armand'4 Oude Geuze Herfst (Autumn),6.0,Sour,Gueuze,Brouwerij Drie Fonteinen,Sour39
44934,Black Cherry Bomb,,Sour,American Wild Ale,Bullfrog Brewery,Sour39
23413,Geuze Cuvée J&J (Joost En Jessie) Blauw (Blue),6.5,Sour,Gueuze,Brouwerij Drie Fonteinen,Sour40
45957,Veritas 004,8.0,Sour,American Wild Ale,The Lost Abbey,Sour40
23413,Geuze Cuvée J&J (Joost En Jessie) Blauw (Blue),6.5,Sour,Gueuze,Brouwerij Drie Fonteinen,Sour41
44112,Yellow Bus,7.0,Sour,American Wild Ale,The Lost Abbey,Sour41
23413,Geuze Cuvée J&J (Joost En Jessie) Blauw (Blue),6.5,Sour,Gueuze,Brouwerij Drie Fonteinen,Sour42
44934,Black Cherry Bomb,,Sour,American Wild Ale,Bullfrog Brewery,Sour42
45957,Veritas 004,8.0,Sour,American Wild Ale,The Lost Abbey,Sour43
44112,Yellow Bus,7.0,Sour,American Wild Ale,The Lost Abbey,Sour43
45957,Veritas 004,8.0,Sour,American Wild Ale,The Lost Abbey,Sour44
44934,Black Cherry Bomb,,Sour,American Wild Ale,Bullfrog Brewery,Sour44
44112,Yellow Bus,7.0,Sour,American Wild Ale,The Lost Abbey,Sour45
44934,Black Cherry Bomb,,Sour,American Wild Ale,Bullfrog Brewery,Sour45
24273,M Belgian-Style Barleywine,11.6,Strong Ale,American Barleywine,Midnight Sun Brewing Co.,Strong Ale1
1545,Trappist Westvleteren 12,10.2,Strong Ale,Quadrupel (Quad),Brouwerij Westvleteren (Sint-Sixtusabdij van Westvleteren),Strong Ale1
24273,M Belgian-Style Barleywine,11.6,Strong Ale,American Barleywine,Midnight Sun Brewing Co.,Strong Ale2
7289,De Dolle Stille Nacht Special Reserva 2000,12.0,Strong Ale,Belgian Strong Dark Ale,Brouwerij De Dolle Brouwers,Strong Ale2
24273,M Belgian-Style Barleywine,11.6,Strong Ale,American Barleywine,Midnight Sun Brewing Co.,Strong Ale3
35197,Dave,29.0,Strong Ale,English Barleywine,Hair of the Dog Brewing Company / Brewery and Tasting Room,Strong Ale3
24273,M Belgian-Style Barleywine,11.6,Strong Ale,American Barleywine,Midnight Sun Brewing Co.,Strong Ale4
20767,Adam From The Wood,12.0,Strong Ale,Old Ale,Hair of the Dog Brewing Company / Brewery and Tasting Room,Strong Ale4
24273,M Belgian-Style Barleywine,11.6,Strong Ale,American Barleywine,Midnight Sun Brewing Co.,Strong Ale5
61100,King Henry,13.4,Strong Ale,English Barleywine,Goose Island Beer Co.,Strong Ale5
24273,M Belgian-Style Barleywine,11.6,Strong Ale,American Barleywine,Midnight Sun Brewing Co.,Strong Ale6
36567,Wooden Hell,9.5,Strong Ale,English Barleywine,Flossmoor Station Restaurant & Brewery,Strong Ale6
24273,M Belgian-Style Barleywine,11.6,Strong Ale,American Barleywine,Midnight Sun Brewing Co.,Strong Ale7
13935,The Mother Of All Beers (Quadrupel),10.0,Strong Ale,Quadrupel (Quad),Port Brewing Company / Pizza Port,Strong Ale7
24273,M Belgian-Style Barleywine,11.6,Strong Ale,American Barleywine,Midnight Sun Brewing Co.,Strong Ale8
37114,Old Stock Cellar Reserve (Aged In Brandy Barrels),14.7,Strong Ale,Old Ale,North Coast Brewing Co.,Strong Ale8
24273,M Belgian-Style Barleywine,11.6,Strong Ale,American Barleywine,Midnight Sun Brewing Co.,Strong Ale9
1640,Samuel Adams Millennium,21.0,Strong Ale,American Strong Ale,Boston Beer Company (Samuel Adams),Strong Ale9
1545,Trappist Westvleteren 12,10.2,Strong Ale,Quadrupel (Quad),Brouwerij Westvleteren (Sint-Sixtusabdij van Westvleteren),Strong Ale10
7289,De Dolle Stille Nacht Special Reserva 2000,12.0,Strong Ale,Belgian Strong Dark Ale,Brouwerij De Dolle Brouwers,Strong Ale10
1545,Trappist Westvleteren 12,10.2,Strong Ale,Quadrupel (Quad),Brouwerij Westvleteren (Sint-Sixtusabdij van Westvleteren),Strong Ale11
35197,Dave,29.0,Strong Ale,English Barleywine,Hair of the Dog Brewing Company / Brewery and Tasting Room,Strong Ale11
1545,Trappist Westvleteren 12,10.2,Strong Ale,Quadrupel (Quad),Brouwerij Westvleteren (Sint-Sixtusabdij van Westvleteren),Strong Ale12
20767,Adam From The Wood,12.0,Strong Ale,Old Ale,Hair of the Dog Brewing Company / Brewery and Tasting Room,Strong Ale12
1545,Trappist Westvleteren 12,10.2,Strong Ale,Quadrupel (Quad),Brouwerij Westvleteren (Sint-Sixtusabdij van Westvleteren),Strong Ale13
61100,King Henry,13.4,Strong Ale,English Barleywine,Goose Island Beer Co.,Strong Ale13
1545,Trappist Westvleteren 12,10.2,Strong Ale,Quadrupel (Quad),Brouwerij Westvleteren (Sint-Sixtusabdij van Westvleteren),Strong Ale14
36567,Wooden Hell,9.5,Strong Ale,English Barleywine,Flossmoor Station Restaurant & Brewery,Strong Ale14
1545,Trappist Westvleteren 12,10.2,Strong Ale,Quadrupel (Quad),Brouwerij Westvleteren (Sint-Sixtusabdij van Westvleteren),Strong Ale15
13935,The Mother Of All Beers (Quadrupel),10.0,Strong Ale,Quadrupel (Quad),Port Brewing Company / Pizza Port,Strong Ale15
1545,Trappist Westvleteren 12,10.2,Strong Ale,Quadrupel (Quad),Brouwerij Westvleteren (Sint-Sixtusabdij van Westvleteren),Strong Ale16
37114,Old Stock Cellar Reserve (Aged In Brandy Barrels),14.7,Strong Ale,Old Ale,North Coast Brewing Co.,Strong Ale16
1545,Trappist Westvleteren 12,10.2,Strong Ale,Quadrupel (Quad),Brouwerij Westvleteren (Sint-Sixtusabdij van Westvleteren),Strong Ale17
1640,Samuel Adams Millennium,21.0,Strong Ale,American Strong Ale,Boston Beer Company (Samuel Adams),Strong Ale17
7289,De Dolle Stille Nacht Special Reserva 2000,12.0,Strong Ale,Belgian Strong Dark Ale,Brouwerij De Dolle Brouwers,Strong Ale18
35197,Dave,29.0,Strong Ale,English Barleywine,Hair of the Dog Brewing Company / Brewery and Tasting Room,Strong Ale18
7289,De Dolle Stille Nacht Special Reserva 2000,12.0,Strong Ale,Belgian Strong Dark Ale,Brouwerij De Dolle Brouwers,Strong Ale19
20767,Adam From The Wood,12.0,Strong Ale,Old Ale,Hair of the Dog Brewing Company / Brewery and Tasting Room,Strong Ale19
7289,De Dolle Stille Nacht Special Reserva 2000,12.0,Strong Ale,Belgian Strong Dark Ale,Brouwerij De Dolle Brouwers,Strong Ale20
61100,King Henry,13.4,Strong Ale,English Barleywine,Goose Island Beer Co.,Strong Ale20
7289,De Dolle Stille Nacht Special Reserva 2000,12.0,Strong Ale,Belgian Strong Dark Ale,Brouwerij De Dolle Brouwers,Strong Ale21
36567,Wooden Hell,9.5,Strong Ale,English Barleywine,Flossmoor Station Restaurant & Brewery,Strong Ale21
7289,De Dolle Stille Nacht Special Reserva 2000,12.0,Strong Ale,Belgian Strong Dark Ale,Brouwerij De Dolle Brouwers,Strong Ale22
13935,The Mother Of All Beers (Quadrupel),10.0,Strong Ale,Quadrupel (Quad),Port Brewing Company / Pizza Port,Strong Ale22
7289,De Dolle Stille Nacht Special Reserva 2000,12.0,Strong Ale,Belgian Strong Dark Ale,Brouwerij De Dolle Brouwers,Strong Ale23
37114,Old Stock Cellar Reserve (Aged In Brandy Barrels),14.7,Strong Ale,Old Ale,North Coast Brewing Co.,Strong Ale23
7289,De Dolle Stille Nacht Special Reserva 2000,12.0,Strong Ale,Belgian Strong Dark Ale,Brouwerij De Dolle Brouwers,Strong Ale24
1640,Samuel Adams Millennium,21.0,Strong Ale,American Strong Ale,Boston Beer Company (Samuel Adams),Strong Ale24
35197,Dave,29.0,Strong Ale,English Barleywine,Hair of the Dog Brewing Company / Brewery and Tasting Room,Strong Ale25
20767,Adam From The Wood,12.0,Strong Ale,Old Ale,Hair of the Dog Brewing Company / Brewery and Tasting Room,Strong Ale25
35197,Dave,29.0,Strong Ale,English Barleywine,Hair of the Dog Brewing Company / Brewery and Tasting Room,Strong Ale26
61100,King Henry,13.4,Strong Ale,English Barleywine,Goose Island Beer Co.,Strong Ale26
35197,Dave,29.0,Strong Ale,English Barleywine,Hair of the Dog Brewing Company / Brewery and Tasting Room,Strong Ale27
36567,Wooden Hell,9.5,Strong Ale,English Barleywine,Flossmoor Station Restaurant & Brewery,Strong Ale27
35197,Dave,29.0,Strong Ale,English Barleywine,Hair of the Dog Brewing Company / Brewery and Tasting Room,Strong Ale28
13935,The Mother Of All Beers (Quadrupel),10.0,Strong Ale,Quadrupel (Quad),Port Brewing Company / Pizza Port,Strong Ale28
35197,Dave,29.0,Strong Ale,English Barleywine,Hair of the Dog Brewing Company / Brewery and Tasting Room,Strong Ale29
37114,Old Stock Cellar Reserve (Aged In Brandy Barrels),14.7,Strong Ale,Old Ale,North Coast Brewing Co.,Strong Ale29
35197,Dave,29.0,Strong Ale,English Barleywine,Hair of the Dog Brewing Company / Brewery and Tasting Room,Strong Ale30
1640,Samuel Adams Millennium,21.0,Strong Ale,American Strong Ale,Boston Beer Company (Samuel Adams),Strong Ale30
20767,Adam From The Wood,12.0,Strong Ale,Old Ale,Hair of the Dog Brewing Company / Brewery and Tasting Room,Strong Ale31
61100,King Henry,13.4,Strong Ale,English Barleywine,Goose Island Beer Co.,Strong Ale31
20767,Adam From The Wood,12.0,Strong Ale,Old Ale,Hair of the Dog Brewing Company / Brewery and Tasting Room,Strong Ale32
36567,Wooden Hell,9.5,Strong Ale,English Barleywine,Flossmoor Station Restaurant & Brewery,Strong Ale32
20767,Adam From The Wood,12.0,Strong Ale,Old Ale,Hair of the Dog Brewing Company / Brewery and Tasting Room,Strong Ale33
13935,The Mother Of All Beers (Quadrupel),10.0,Strong Ale,Quadrupel (Quad),Port Brewing Company / Pizza Port,Strong Ale33
20767,Adam From The Wood,12.0,Strong Ale,Old Ale,Hair of the Dog Brewing Company / Brewery and Tasting Room,Strong Ale34
37114,Old Stock Cellar Reserve (Aged In Brandy Barrels),14.7,Strong Ale,Old Ale,North Coast Brewing Co.,Strong Ale34
20767,Adam From The Wood,12.0,Strong Ale,Old Ale,Hair of the Dog Brewing Company / Brewery and Tasting Room,Strong Ale35
1640,Samuel Adams Millennium,21.0,Strong Ale,American Strong Ale,Boston Beer Company (Samuel Adams),Strong Ale35
61100,King Henry,13.4,Strong Ale,English Barleywine,Goose Island Beer Co.,Strong Ale36
36567,Wooden Hell,9.5,Strong Ale,English Barleywine,Flossmoor Station Restaurant & Brewery,Strong Ale36
61100,King Henry,13.4,Strong Ale,English Barleywine,Goose Island Beer Co.,Strong Ale37
13935,The Mother Of All Beers (Quadrupel),10.0,Strong Ale,Quadrupel (Quad),Port Brewing Company / Pizza Port,Strong Ale37
61100,King Henry,13.4,Strong Ale,English Barleywine,Goose Island Beer Co.,Strong Ale38
37114,Old Stock Cellar Reserve (Aged In Brandy Barrels),14.7,Strong Ale,Old Ale,North Coast Brewing Co.,Strong Ale38
61100,King Henry,13.4,Strong Ale,English Barleywine,Goose Island Beer Co.,Strong Ale39
1640,Samuel Adams Millennium,21.0,Strong Ale,American Strong Ale,Boston Beer Company (Samuel Adams),Strong Ale39
36567,Wooden Hell,9.5,Strong Ale,English Barleywine,Flossmoor Station Restaurant & Brewery,Strong Ale40
13935,The Mother Of All Beers (Quadrupel),10.0,Strong Ale,Quadrupel (Quad),Port Brewing Company / Pizza Port,Strong Ale40
36567,Wooden Hell,9.5,Strong Ale,English Barleywine,Flossmoor Station Restaurant & Brewery,Strong Ale41
37114,Old Stock Cellar Reserve (Aged In Brandy Barrels),14.7,Strong Ale,Old Ale,North Coast Brewing Co.,Strong Ale41
36567,Wooden Hell,9.5,Strong Ale,English Barleywine,Flossmoor Station Restaurant & Brewery,Strong Ale42
1640,Samuel Adams Millennium,21.0,Strong Ale,American Strong Ale,Boston Beer Company (Samuel Adams),Strong Ale42
13935,The Mother Of All Beers (Quadrupel),10.0,Strong Ale,Quadrupel (Quad),Port Brewing Company / Pizza Port,Strong Ale43
37114,Old Stock Cellar Reserve (Aged In Brandy Barrels),14.7,Strong Ale,Old Ale,North Coast Brewing Co.,Strong Ale43
13935,The Mother Of All Beers (Quadrupel),10.0,Strong Ale,Quadrupel (Quad),Port Brewing Company / Pizza Port,Strong Ale44
1640,Samuel Adams Millennium,21.0,Strong Ale,American Strong Ale,Boston Beer Company (Samuel Adams),Strong Ale44
37114,Old Stock Cellar Reserve (Aged In Brandy Barrels),14.7,Strong Ale,Old Ale,North Coast Brewing Co.,Strong Ale45
1640,Samuel Adams Millennium,21.0,Strong Ale,American Strong Ale,Boston Beer Company (Samuel Adams),Strong Ale45
21625,Mönchsambacher Lager,5.5,Pilsner,Keller Bier / Zwickel Bier,Brauerei Zehendner GmbH,Pilsner1
51557,Humulus Lager,7.2,Pilsner,American Double / Imperial Pilsner,The Bruery,Pilsner1
21625,Mönchsambacher Lager,5.5,Pilsner,Keller Bier / Zwickel Bier,Brauerei Zehendner GmbH,Pilsner2
22173,Reality Czeck,4.8,Pilsner,Czech Pilsener,Moonlight Brewing Company,Pilsner2
21625,Mönchsambacher Lager,5.5,Pilsner,Keller Bier / Zwickel Bier,Brauerei Zehendner GmbH,Pilsner3
71820,Hoponius Union,6.7,Pilsner,Dortmunder / Export Lager,Jack's Abby Brewing,Pilsner3
21625,Mönchsambacher Lager,5.5,Pilsner,Keller Bier / Zwickel Bier,Brauerei Zehendner GmbH,Pilsner4
21968,Spring Brew 2005,8.5,Pilsner,American Double / Imperial Pilsner,Old Dominion Brewing Company,Pilsner4
21625,Mönchsambacher Lager,5.5,Pilsner,Keller Bier / Zwickel Bier,Brauerei Zehendner GmbH,Pilsner5
28813,Neumarkter Lammsbräu Pilsner,4.8,Pilsner,German Pilsener,Neumarkter Lammsbräu,Pilsner5
21625,Mönchsambacher Lager,5.5,Pilsner,Keller Bier / Zwickel Bier,Brauerei Zehendner GmbH,Pilsner6
28157,Braumeister Pils - Saaz,5.7,Pilsner,Czech Pilsener,Victory Brewing Company,Pilsner6
21625,Mönchsambacher Lager,5.5,Pilsner,Keller Bier / Zwickel Bier,Brauerei Zehendner GmbH,Pilsner7
44942,Unplugged Bohemian Lager,,Pilsner,Czech Pilsener,New Glarus Brewing Company,Pilsner7
21625,Mönchsambacher Lager,5.5,Pilsner,Keller Bier / Zwickel Bier,Brauerei Zehendner GmbH,Pilsner8
13415,Lunatic Lager,5.0,Pilsner,Dortmunder / Export Lager,Moonlight Brewing Company,Pilsner8
21625,Mönchsambacher Lager,5.5,Pilsner,Keller Bier / Zwickel Bier,Brauerei Zehendner GmbH,Pilsner9
16659,Spring Brew 2004,8.5,Pilsner,American Double / Imperial Pilsner,Old Dominion Brewing Company,Pilsner9
51557,Humulus Lager,7.2,Pilsner,American Double / Imperial Pilsner,The Bruery,Pilsner10
22173,Reality Czeck,4.8,Pilsner,Czech Pilsener,Moonlight Brewing Company,Pilsner10
51557,Humulus Lager,7.2,Pilsner,American Double / Imperial Pilsner,The Bruery,Pilsner11
71820,Hoponius Union,6.7,Pilsner,Dortmunder / Export Lager,Jack's Abby Brewing,Pilsner11
51557,Humulus Lager,7.2,Pilsner,American Double / Imperial Pilsner,The Bruery,Pilsner12
21968,Spring Brew 2005,8.5,Pilsner,American Double / Imperial Pilsner,Old Dominion Brewing Company,Pilsner12
51557,Humulus Lager,7.2,Pilsner,American Double / Imperial Pilsner,The Bruery,Pilsner13
28813,Neumarkter Lammsbräu Pilsner,4.8,Pilsner,German Pilsener,Neumarkter Lammsbräu,Pilsner13
51557,Humulus Lager,7.2,Pilsner,American Double / Imperial Pilsner,The Bruery,Pilsner14
28157,Braumeister Pils - Saaz,5.7,Pilsner,Czech Pilsener,Victory Brewing Company,Pilsner14
51557,Humulus Lager,7.2,Pilsner,American Double / Imperial Pilsner,The Bruery,Pilsner15
44942,Unplugged Bohemian Lager,,Pilsner,Czech Pilsener,New Glarus Brewing Company,Pilsner15
51557,Humulus Lager,7.2,Pilsner,American Double / Imperial Pilsner,The Bruery,Pilsner16
13415,Lunatic Lager,5.0,Pilsner,Dortmunder / Export Lager,Moonlight Brewing Company,Pilsner16
51557,Humulus Lager,7.2,Pilsner,American Double / Imperial Pilsner,The Bruery,Pilsner17
16659,Spring Brew 2004,8.5,Pilsner,American Double / Imperial Pilsner,Old Dominion Brewing Company,Pilsner17
22173,Reality Czeck,4.8,Pilsner,Czech Pilsener,Moonlight Brewing Company,Pilsner18
71820,Hoponius Union,6.7,Pilsner,Dortmunder / Export Lager,Jack's Abby Brewing,Pilsner18
22173,Reality Czeck,4.8,Pilsner,Czech Pilsener,Moonlight Brewing Company,Pilsner19
21968,Spring Brew 2005,8.5,Pilsner,American Double / Imperial Pilsner,Old Dominion Brewing Company,Pilsner19
22173,Reality Czeck,4.8,Pilsner,Czech Pilsener,Moonlight Brewing Company,Pilsner20
28813,Neumarkter Lammsbräu Pilsner,4.8,Pilsner,German Pilsener,Neumarkter Lammsbräu,Pilsner20
22173,Reality Czeck,4.8,Pilsner,Czech Pilsener,Moonlight Brewing Company,Pilsner21
28157,Braumeister Pils - Saaz,5.7,Pilsner,Czech Pilsener,Victory Brewing Company,Pilsner21
22173,Reality Czeck,4.8,Pilsner,Czech Pilsener,Moonlight Brewing Company,Pilsner22
44942,Unplugged Bohemian Lager,,Pilsner,Czech Pilsener,New Glarus Brewing Company,Pilsner22
22173,Reality Czeck,4.8,Pilsner,Czech Pilsener,Moonlight Brewing Company,Pilsner23
13415,Lunatic Lager,5.0,Pilsner,Dortmunder / Export Lager,Moonlight Brewing Company,Pilsner23
22173,Reality Czeck,4.8,Pilsner,Czech Pilsener,Moonlight Brewing Company,Pilsner24
16659,Spring Brew 2004,8.5,Pilsner,American Double / Imperial Pilsner,Old Dominion Brewing Company,Pilsner24
71820,Hoponius Union,6.7,Pilsner,Dortmunder / Export Lager,Jack's Abby Brewing,Pilsner25
21968,Spring Brew 2005,8.5,Pilsner,American Double / Imperial Pilsner,Old Dominion Brewing Company,Pilsner25
71820,Hoponius Union,6.7,Pilsner,Dortmunder / Export Lager,Jack's Abby Brewing,Pilsner26
28813,Neumarkter Lammsbräu Pilsner,4.8,Pilsner,German Pilsener,Neumarkter Lammsbräu,Pilsner26
71820,Hoponius Union,6.7,Pilsner,Dortmunder / Export Lager,Jack's Abby Brewing,Pilsner27
28157,Braumeister Pils - Saaz,5.7,Pilsner,Czech Pilsener,Victory Brewing Company,Pilsner27
71820,Hoponius Union,6.7,Pilsner,Dortmunder / Export Lager,Jack's Abby Brewing,Pilsner28
44942,Unplugged Bohemian Lager,,Pilsner,Czech Pilsener,New Glarus Brewing Company,Pilsner28
71820,Hoponius Union,6.7,Pilsner,Dortmunder / Export Lager,Jack's Abby Brewing,Pilsner29
13415,Lunatic Lager,5.0,Pilsner,Dortmunder / Export Lager,Moonlight Brewing Company,Pilsner29
71820,Hoponius Union,6.7,Pilsner,Dortmunder / Export Lager,Jack's Abby Brewing,Pilsner30
16659,Spring Brew 2004,8.5,Pilsner,American Double / Imperial Pilsner,Old Dominion Brewing Company,Pilsner30
21968,Spring Brew 2005,8.5,Pilsner,American Double / Imperial Pilsner,Old Dominion Brewing Company,Pilsner31
28813,Neumarkter Lammsbräu Pilsner,4.8,Pilsner,German Pilsener,Neumarkter Lammsbräu,Pilsner31
21968,Spring Brew 2005,8.5,Pilsner,American Double / Imperial Pilsner,Old Dominion Brewing Company,Pilsner32
28157,Braumeister Pils - Saaz,5.7,Pilsner,Czech Pilsener,Victory Brewing Company,Pilsner32
21968,Spring Brew 2005,8.5,Pilsner,American Double / Imperial Pilsner,Old Dominion Brewing Company,Pilsner33
44942,Unplugged Bohemian Lager,,Pilsner,Czech Pilsener,New Glarus Brewing Company,Pilsner33
21968,Spring Brew 2005,8.5,Pilsner,American Double / Imperial Pilsner,Old Dominion Brewing Company,Pilsner34
13415,Lunatic Lager,5.0,Pilsner,Dortmunder / Export Lager,Moonlight Brewing Company,Pilsner34
21968,Spring Brew 2005,8.5,Pilsner,American Double / Imperial Pilsner,Old Dominion Brewing Company,Pilsner35
16659,Spring Brew 2004,8.5,Pilsner,American Double / Imperial Pilsner,Old Dominion Brewing Company,Pilsner35
28813,Neumarkter Lammsbräu Pilsner,4.8,Pilsner,German Pilsener,Neumarkter Lammsbräu,Pilsner36
28157,Braumeister Pils - Saaz,5.7,Pilsner,Czech Pilsener,Victory Brewing Company,Pilsner36
28813,Neumarkter Lammsbräu Pilsner,4.8,Pilsner,German Pilsener,Neumarkter Lammsbräu,Pilsner37
44942,Unplugged Bohemian Lager,,Pilsner,Czech Pilsener,New Glarus Brewing Company,Pilsner37
28813,Neumarkter Lammsbräu Pilsner,4.8,Pilsner,German Pilsener,Neumarkter Lammsbräu,Pilsner38
13415,Lunatic Lager,5.0,Pilsner,Dortmunder / Export Lager,Moonlight Brewing Company,Pilsner38
28813,Neumarkter Lammsbräu Pilsner,4.8,Pilsner,German Pilsener,Neumarkter Lammsbräu,Pilsner39
16659,Spring Brew 2004,8.5,Pilsner,American Double / Imperial Pilsner,Old Dominion Brewing Company,Pilsner39
28157,Braumeister Pils - Saaz,5.7,Pilsner,Czech Pilsener,Victory Brewing Company,Pilsner40
44942,Unplugged Bohemian Lager,,Pilsner,Czech Pilsener,New Glarus Brewing Company,Pilsner40
28157,Braumeister Pils - Saaz,5.7,Pilsner,Czech Pilsener,Victory Brewing Company,Pilsner41
13415,Lunatic Lager,5.0,Pilsner,Dortmunder / Export Lager,Moonlight Brewing Company,Pilsner41
28157,Braumeister Pils - Saaz,5.7,Pilsner,Czech Pilsener,Victory Brewing Company,Pilsner42
16659,Spring Brew 2004,8.5,Pilsner,American Double / Imperial Pilsner,Old Dominion Brewing Company,Pilsner42
44942,Unplugged Bohemian Lager,,Pilsner,Czech Pilsener,New Glarus Brewing Company,Pilsner43
13415,Lunatic Lager,5.0,Pilsner,Dortmunder / Export Lager,Moonlight Brewing Company,Pilsner43
44942,Unplugged Bohemian Lager,,Pilsner,Czech Pilsener,New Glarus Brewing Company,Pilsner44
16659,Spring Brew 2004,8.5,Pilsner,American Double / Imperial Pilsner,Old Dominion Brewing Company,Pilsner44
13415,Lunatic Lager,5.0,Pilsner,Dortmunder / Export Lager,Moonlight Brewing Company,Pilsner45
16659,Spring Brew 2004,8.5,Pilsner,American Double / Imperial Pilsner,Old Dominion Brewing Company,Pilsner45
2899,Andechser Doppelbock Dunkel,7.1,Dark Lager,Doppelbock,Klosterbrauerei Andechs,Dark Lager1
1129,AleSmith Weizenbock,8.6,Dark Lager,Weizenbock,AleSmith Brewing Company,Dark Lager1
2899,Andechser Doppelbock Dunkel,7.1,Dark Lager,Doppelbock,Klosterbrauerei Andechs,Dark Lager2
30120,Brooklyn Blonde Bock,7.7,Dark Lager,Maibock / Helles Bock,Brooklyn Brewery,Dark Lager2
2899,Andechser Doppelbock Dunkel,7.1,Dark Lager,Doppelbock,Klosterbrauerei Andechs,Dark Lager3
15537,Ramstein Winter Wheat Eisbock,11.5,Dark Lager,Eisbock,High Point Brewing Company,Dark Lager3
2899,Andechser Doppelbock Dunkel,7.1,Dark Lager,Doppelbock,Klosterbrauerei Andechs,Dark Lager4
131,Ayinger Celebrator Doppelbock,6.7,Dark Lager,Doppelbock,Privatbrauerei Franz Inselkammer KG / Brauerei Aying,Dark Lager4
2899,Andechser Doppelbock Dunkel,7.1,Dark Lager,Doppelbock,Klosterbrauerei Andechs,Dark Lager5
11784,Kuhnhenn Raspberry Eisbock,13.5,Dark Lager,Eisbock,Kuhnhenn Brewing Company,Dark Lager5
2899,Andechser Doppelbock Dunkel,7.1,Dark Lager,Doppelbock,Klosterbrauerei Andechs,Dark Lager6
6614,U Fleku Dark Lager,4.5,Dark Lager,Euro Dark Lager,U Fleků Pivovaru a Restauraci,Dark Lager6
2899,Andechser Doppelbock Dunkel,7.1,Dark Lager,Doppelbock,Klosterbrauerei Andechs,Dark Lager7
48597,Double Vision Doppelbock,8.0,Dark Lager,Doppelbock,Grand Teton Brewing Co.,Dark Lager7
2899,Andechser Doppelbock Dunkel,7.1,Dark Lager,Doppelbock,Klosterbrauerei Andechs,Dark Lager8
2164,Brooklyner Weissebock,8.2,Dark Lager,Weizenbock,Brooklyn Brewery,Dark Lager8
2899,Andechser Doppelbock Dunkel,7.1,Dark Lager,Doppelbock,Klosterbrauerei Andechs,Dark Lager9
224,Schneider Aventinus,8.2,Dark Lager,Weizenbock,Weisses Bräuhaus G. Schneider & Sohn GmbH,Dark Lager9
1129,AleSmith Weizenbock,8.6,Dark Lager,Weizenbock,AleSmith Brewing Company,Dark Lager10
30120,Brooklyn Blonde Bock,7.7,Dark Lager,Maibock / Helles Bock,Brooklyn Brewery,Dark Lager10
1129,AleSmith Weizenbock,8.6,Dark Lager,Weizenbock,AleSmith Brewing Company,Dark Lager11
15537,Ramstein Winter Wheat Eisbock,11.5,Dark Lager,Eisbock,High Point Brewing Company,Dark Lager11
1129,AleSmith Weizenbock,8.6,Dark Lager,Weizenbock,AleSmith Brewing Company,Dark Lager12
131,Ayinger Celebrator Doppelbock,6.7,Dark Lager,Doppelbock,Privatbrauerei Franz Inselkammer KG / Brauerei Aying,Dark Lager12
1129,AleSmith Weizenbock,8.6,Dark Lager,Weizenbock,AleSmith Brewing Company,Dark Lager13
11784,Kuhnhenn Raspberry Eisbock,13.5,Dark Lager,Eisbock,Kuhnhenn Brewing Company,Dark Lager13
1129,AleSmith Weizenbock,8.6,Dark Lager,Weizenbock,AleSmith Brewing Company,Dark Lager14
6614,U Fleku Dark Lager,4.5,Dark Lager,Euro Dark Lager,U Fleků Pivovaru a Restauraci,Dark Lager14
1129,AleSmith Weizenbock,8.6,Dark Lager,Weizenbock,AleSmith Brewing Company,Dark Lager15
48597,Double Vision Doppelbock,8.0,Dark Lager,Doppelbock,Grand Teton Brewing Co.,Dark Lager15
1129,AleSmith Weizenbock,8.6,Dark Lager,Weizenbock,AleSmith Brewing Company,Dark Lager16
2164,Brooklyner Weissebock,8.2,Dark Lager,Weizenbock,Brooklyn Brewery,Dark Lager16
1129,AleSmith Weizenbock,8.6,Dark Lager,Weizenbock,AleSmith Brewing Company,Dark Lager17
224,Schneider Aventinus,8.2,Dark Lager,Weizenbock,Weisses Bräuhaus G. Schneider & Sohn GmbH,Dark Lager17
30120,Brooklyn Blonde Bock,7.7,Dark Lager,Maibock / Helles Bock,Brooklyn Brewery,Dark Lager18
15537,Ramstein Winter Wheat Eisbock,11.5,Dark Lager,Eisbock,High Point Brewing Company,Dark Lager18
30120,Brooklyn Blonde Bock,7.7,Dark Lager,Maibock / Helles Bock,Brooklyn Brewery,Dark Lager19
131,Ayinger Celebrator Doppelbock,6.7,Dark Lager,Doppelbock,Privatbrauerei Franz Inselkammer KG / Brauerei Aying,Dark Lager19
30120,Brooklyn Blonde Bock,7.7,Dark Lager,Maibock / Helles Bock,Brooklyn Brewery,Dark Lager20
11784,Kuhnhenn Raspberry Eisbock,13.5,Dark Lager,Eisbock,Kuhnhenn Brewing Company,Dark Lager20
30120,Brooklyn Blonde Bock,7.7,Dark Lager,Maibock / Helles Bock,Brooklyn Brewery,Dark Lager21
6614,U Fleku Dark Lager,4.5,Dark Lager,Euro Dark Lager,U Fleků Pivovaru a Restauraci,Dark Lager21
30120,Brooklyn Blonde Bock,7.7,Dark Lager,Maibock / Helles Bock,Brooklyn Brewery,Dark Lager22
48597,Double Vision Doppelbock,8.0,Dark Lager,Doppelbock,Grand Teton Brewing Co.,Dark Lager22
30120,Brooklyn Blonde Bock,7.7,Dark Lager,Maibock / Helles Bock,Brooklyn Brewery,Dark Lager23
2164,Brooklyner Weissebock,8.2,Dark Lager,Weizenbock,Brooklyn Brewery,Dark Lager23
30120,Brooklyn Blonde Bock,7.7,Dark Lager,Maibock / Helles Bock,Brooklyn Brewery,Dark Lager24
224,Schneider Aventinus,8.2,Dark Lager,Weizenbock,Weisses Bräuhaus G. Schneider & Sohn GmbH,Dark Lager24
15537,Ramstein Winter Wheat Eisbock,11.5,Dark Lager,Eisbock,High Point Brewing Company,Dark Lager25
131,Ayinger Celebrator Doppelbock,6.7,Dark Lager,Doppelbock,Privatbrauerei Franz Inselkammer KG / Brauerei Aying,Dark Lager25
15537,Ramstein Winter Wheat Eisbock,11.5,Dark Lager,Eisbock,High Point Brewing Company,Dark Lager26
11784,Kuhnhenn Raspberry Eisbock,13.5,Dark Lager,Eisbock,Kuhnhenn Brewing Company,Dark Lager26
15537,Ramstein Winter Wheat Eisbock,11.5,Dark Lager,Eisbock,High Point Brewing Company,Dark Lager27
6614,U Fleku Dark Lager,4.5,Dark Lager,Euro Dark Lager,U Fleků Pivovaru a Restauraci,Dark Lager27
15537,Ramstein Winter Wheat Eisbock,11.5,Dark Lager,Eisbock,High Point Brewing Company,Dark Lager28
48597,Double Vision Doppelbock,8.0,Dark Lager,Doppelbock,Grand Teton Brewing Co.,Dark Lager28
15537,Ramstein Winter Wheat Eisbock,11.5,Dark Lager,Eisbock,High Point Brewing Company,Dark Lager29
2164,Brooklyner Weissebock,8.2,Dark Lager,Weizenbock,Brooklyn Brewery,Dark Lager29
15537,Ramstein Winter Wheat Eisbock,11.5,Dark Lager,Eisbock,High Point Brewing Company,Dark Lager30
224,Schneider Aventinus,8.2,Dark Lager,Weizenbock,Weisses Bräuhaus G. Schneider & Sohn GmbH,Dark Lager30
131,Ayinger Celebrator Doppelbock,6.7,Dark Lager,Doppelbock,Privatbrauerei Franz Inselkammer KG / Brauerei Aying,Dark Lager31
11784,Kuhnhenn Raspberry Eisbock,13.5,Dark Lager,Eisbock,Kuhnhenn Brewing Company,Dark Lager31
131,Ayinger Celebrator Doppelbock,6.7,Dark Lager,Doppelbock,Privatbrauerei Franz Inselkammer KG / Brauerei Aying,Dark Lager32
6614,U Fleku Dark Lager,4.5,Dark Lager,Euro Dark Lager,U Fleků Pivovaru a Restauraci,Dark Lager32
131,Ayinger Celebrator Doppelbock,6.7,Dark Lager,Doppelbock,Privatbrauerei Franz Inselkammer KG / Brauerei Aying,Dark Lager33
48597,Double Vision Doppelbock,8.0,Dark Lager,Doppelbock,Grand Teton Brewing Co.,Dark Lager33
131,Ayinger Celebrator Doppelbock,6.7,Dark Lager,Doppelbock,Privatbrauerei Franz Inselkammer KG / Brauerei Aying,Dark Lager34
2164,Brooklyner Weissebock,8.2,Dark Lager,Weizenbock,Brooklyn Brewery,Dark Lager34
131,Ayinger Celebrator Doppelbock,6.7,Dark Lager,Doppelbock,Privatbrauerei Franz Inselkammer KG / Brauerei Aying,Dark Lager35
224,Schneider Aventinus,8.2,Dark Lager,Weizenbock,Weisses Bräuhaus G. Schneider & Sohn GmbH,Dark Lager35
11784,Kuhnhenn Raspberry Eisbock,13.5,Dark Lager,Eisbock,Kuhnhenn Brewing Company,Dark Lager36
6614,U Fleku Dark Lager,4.5,Dark Lager,Euro Dark Lager,U Fleků Pivovaru a Restauraci,Dark Lager36
11784,Kuhnhenn Raspberry Eisbock,13.5,Dark Lager,Eisbock,Kuhnhenn Brewing Company,Dark Lager37
48597,Double Vision Doppelbock,8.0,Dark Lager,Doppelbock,Grand Teton Brewing Co.,Dark Lager37
11784,Kuhnhenn Raspberry Eisbock,13.5,Dark Lager,Eisbock,Kuhnhenn Brewing Company,Dark Lager38
2164,Brooklyner Weissebock,8.2,Dark Lager,Weizenbock,Brooklyn Brewery,Dark Lager38
11784,Kuhnhenn Raspberry Eisbock,13.5,Dark Lager,Eisbock,Kuhnhenn Brewing Company,Dark Lager39
224,Schneider Aventinus,8.2,Dark Lager,Weizenbock,Weisses Bräuhaus G. Schneider & Sohn GmbH,Dark Lager39
6614,U Fleku Dark Lager,4.5,Dark Lager,Euro Dark Lager,U Fleků Pivovaru a Restauraci,Dark Lager40
48597,Double Vision Doppelbock,8.0,Dark Lager,Doppelbock,Grand Teton Brewing Co.,Dark Lager40
6614,U Fleku Dark Lager,4.5,Dark Lager,Euro Dark Lager,U Fleků Pivovaru a Restauraci,Dark Lager41
2164,Brooklyner Weissebock,8.2,Dark Lager,Weizenbock,Brooklyn Brewery,Dark Lager41
6614,U Fleku Dark Lager,4.5,Dark Lager,Euro Dark Lager,U Fleků Pivovaru a Restauraci,Dark Lager42
224,Schneider Aventinus,8.2,Dark Lager,Weizenbock,Weisses Bräuhaus G. Schneider & Sohn GmbH,Dark Lager42
48597,Double Vision Doppelbock,8.0,Dark Lager,Doppelbock,Grand Teton Brewing Co.,Dark Lager43
2164,Brooklyner Weissebock,8.2,Dark Lager,Weizenbock,Brooklyn Brewery,Dark Lager43
48597,Double Vision Doppelbock,8.0,Dark Lager,Doppelbock,Grand Teton Brewing Co.,Dark Lager44
224,Schneider Aventinus,8.2,Dark Lager,Weizenbock,Weisses Bräuhaus G. Schneider & Sohn GmbH,Dark Lager44
2164,Brooklyner Weissebock,8.2,Dark Lager,Weizenbock,Brooklyn Brewery,Dark Lager45
224,Schneider Aventinus,8.2,Dark Lager,Weizenbock,Weisses Bräuhaus G. Schneider & Sohn GmbH,Dark Lager45
69894,Founders Cashew Mountain Brown,10.0,Brown Ale,American Brown Ale,Founders Brewing Company,Brown Ale1
58120,Moe's Bender,5.52,Brown Ale,American Brown Ale,Surly Brewing Company,Brown Ale1
69894,Founders Cashew Mountain Brown,10.0,Brown Ale,American Brown Ale,Founders Brewing Company,Brown Ale2
6420,Schumacher Alt,4.6,Brown Ale,Altbier,Brauerei Schumacher,Brown Ale2
69894,Founders Cashew Mountain Brown,10.0,Brown Ale,American Brown Ale,Founders Brewing Company,Brown Ale3
12716,Im Füchschen Alt,4.5,Brown Ale,Altbier,Brauerei Im Füchschen,Brown Ale3
69894,Founders Cashew Mountain Brown,10.0,Brown Ale,American Brown Ale,Founders Brewing Company,Brown Ale4
44410,ALTerior Motive,6.3,Brown Ale,Altbier,COAST Brewing Company,Brown Ale4
69894,Founders Cashew Mountain Brown,10.0,Brown Ale,American Brown Ale,Founders Brewing Company,Brown Ale5
48113,Extremely Naughty Goose,8.6,Brown Ale,American Brown Ale,Goose Island Beer Co.,Brown Ale5
69894,Founders Cashew Mountain Brown,10.0,Brown Ale,American Brown Ale,Founders Brewing Company,Brown Ale6
39239,Rye Knot Brown,6.1,Brown Ale,American Brown Ale,COAST Brewing Company,Brown Ale6
69894,Founders Cashew Mountain Brown,10.0,Brown Ale,American Brown Ale,Founders Brewing Company,Brown Ale7
69935,No Crusts,6.0,Brown Ale,American Brown Ale,The Funky Buddha Lounge & Brewery,Brown Ale7
69894,Founders Cashew Mountain Brown,10.0,Brown Ale,American Brown Ale,Founders Brewing Company,Brown Ale8
6406,Original Schlüssel Alt,5.0,Brown Ale,Altbier,Hausbrauerei Zum Schlüssel,Brown Ale8
69894,Founders Cashew Mountain Brown,10.0,Brown Ale,American Brown Ale,Founders Brewing Company,Brown Ale9
28165,Bender,5.1,Brown Ale,American Brown Ale,Surly Brewing Company,Brown Ale9
58120,Moe's Bender,5.52,Brown Ale,American Brown Ale,Surly Brewing Company,Brown Ale10
6420,Schumacher Alt,4.6,Brown Ale,Altbier,Brauerei Schumacher,Brown Ale10
58120,Moe's Bender,5.52,Brown Ale,American Brown Ale,Surly Brewing Company,Brown Ale11
12716,Im Füchschen Alt,4.5,Brown Ale,Altbier,Brauerei Im Füchschen,Brown Ale11
58120,Moe's Bender,5.52,Brown Ale,American Brown Ale,Surly Brewing Company,Brown Ale12
44410,ALTerior Motive,6.3,Brown Ale,Altbier,COAST Brewing Company,Brown Ale12
58120,Moe's Bender,5.52,Brown Ale,American Brown Ale,Surly Brewing Company,Brown Ale13
48113,Extremely Naughty Goose,8.6,Brown Ale,American Brown Ale,Goose Island Beer Co.,Brown Ale13
58120,Moe's Bender,5.52,Brown Ale,American Brown Ale,Surly Brewing Company,Brown Ale14
39239,Rye Knot Brown,6.1,Brown Ale,American Brown Ale,COAST Brewing Company,Brown Ale14
58120,Moe's Bender,5.52,Brown Ale,American Brown Ale,Surly Brewing Company,Brown Ale15
69935,No Crusts,6.0,Brown Ale,American Brown Ale,The Funky Buddha Lounge & Brewery,Brown Ale15
58120,Moe's Bender,5.52,Brown Ale,American Brown Ale,Surly Brewing Company,Brown Ale16
6406,Original Schlüssel Alt,5.0,Brown Ale,Altbier,Hausbrauerei Zum Schlüssel,Brown Ale16
58120,Moe's Bender,5.52,Brown Ale,American Brown Ale,Surly Brewing Company,Brown Ale17
28165,Bender,5.1,Brown Ale,American Brown Ale,Surly Brewing Company,Brown Ale17
6420,Schumacher Alt,4.6,Brown Ale,Altbier,Brauerei Schumacher,Brown Ale18
12716,Im Füchschen Alt,4.5,Brown Ale,Altbier,Brauerei Im Füchschen,Brown Ale18
6420,Schumacher Alt,4.6,Brown Ale,Altbier,Brauerei Schumacher,Brown Ale19
44410,ALTerior Motive,6.3,Brown Ale,Altbier,COAST Brewing Company,Brown Ale19
6420,Schumacher Alt,4.6,Brown Ale,Altbier,Brauerei Schumacher,Brown Ale20
48113,Extremely Naughty Goose,8.6,Brown Ale,American Brown Ale,Goose Island Beer Co.,Brown Ale20
6420,Schumacher Alt,4.6,Brown Ale,Altbier,Brauerei Schumacher,Brown Ale21
39239,Rye Knot Brown,6.1,Brown Ale,American Brown Ale,COAST Brewing Company,Brown Ale21
6420,Schumacher Alt,4.6,Brown Ale,Altbier,Brauerei Schumacher,Brown Ale22
69935,No Crusts,6.0,Brown Ale,American Brown Ale,The Funky Buddha Lounge & Brewery,Brown Ale22
6420,Schumacher Alt,4.6,Brown Ale,Altbier,Brauerei Schumacher,Brown Ale23
6406,Original Schlüssel Alt,5.0,Brown Ale,Altbier,Hausbrauerei Zum Schlüssel,Brown Ale23
6420,Schumacher Alt,4.6,Brown Ale,Altbier,Brauerei Schumacher,Brown Ale24
28165,Bender,5.1,Brown Ale,American Brown Ale,Surly Brewing Company,Brown Ale24
12716,Im Füchschen Alt,4.5,Brown Ale,Altbier,Brauerei Im Füchschen,Brown Ale25
44410,ALTerior Motive,6.3,Brown Ale,Altbier,COAST Brewing Company,Brown Ale25
12716,Im Füchschen Alt,4.5,Brown Ale,Altbier,Brauerei Im Füchschen,Brown Ale26
48113,Extremely Naughty Goose,8.6,Brown Ale,American Brown Ale,Goose Island Beer Co.,Brown Ale26
12716,Im Füchschen Alt,4.5,Brown Ale,Altbier,Brauerei Im Füchschen,Brown Ale27
39239,Rye Knot Brown,6.1,Brown Ale,American Brown Ale,COAST Brewing Company,Brown Ale27
12716,Im Füchschen Alt,4.5,Brown Ale,Altbier,Brauerei Im Füchschen,Brown Ale28
69935,No Crusts,6.0,Brown Ale,American Brown Ale,The Funky Buddha Lounge & Brewery,Brown Ale28
12716,Im Füchschen Alt,4.5,Brown Ale,Altbier,Brauerei Im Füchschen,Brown Ale29
6406,Original Schlüssel Alt,5.0,Brown Ale,Altbier,Hausbrauerei Zum Schlüssel,Brown Ale29
12716,Im Füchschen Alt,4.5,Brown Ale,Altbier,Brauerei Im Füchschen,Brown Ale30
28165,Bender,5.1,Brown Ale,American Brown Ale,Surly Brewing Company,Brown Ale30
44410,ALTerior Motive,6.3,Brown Ale,Altbier,COAST Brewing Company,Brown Ale31
48113,Extremely Naughty Goose,8.6,Brown Ale,American Brown Ale,Goose Island Beer Co.,Brown Ale31
44410,ALTerior Motive,6.3,Brown Ale,Altbier,COAST Brewing Company,Brown Ale32
39239,Rye Knot Brown,6.1,Brown Ale,American Brown Ale,COAST Brewing Company,Brown Ale32
44410,ALTerior Motive,6.3,Brown Ale,Altbier,COAST Brewing Company,Brown Ale33
69935,No Crusts,6.0,Brown Ale,American Brown Ale,The Funky Buddha Lounge & Brewery,Brown Ale33
44410,ALTerior Motive,6.3,Brown Ale,Altbier,COAST Brewing Company,Brown Ale34
6406,Original Schlüssel Alt,5.0,Brown Ale,Altbier,Hausbrauerei Zum Schlüssel,Brown Ale34
44410,ALTerior Motive,6.3,Brown Ale,Altbier,COAST Brewing Company,Brown Ale35
28165,Bender,5.1,Brown Ale,American Brown Ale,Surly Brewing Company,Brown Ale35
48113,Extremely Naughty Goose,8.6,Brown Ale,American Brown Ale,Goose Island Beer Co.,Brown Ale36
39239,Rye Knot Brown,6.1,Brown Ale,American Brown Ale,COAST Brewing Company,Brown Ale36
48113,Extremely Naughty Goose,8.6,Brown Ale,American Brown Ale,Goose Island Beer Co.,Brown Ale37
69935,No Crusts,6.0,Brown Ale,American Brown Ale,The Funky Buddha Lounge & Brewery,Brown Ale37
48113,Extremely Naughty Goose,8.6,Brown Ale,American Brown Ale,Goose Island Beer Co.,Brown Ale38
6406,Original Schlüssel Alt,5.0,Brown Ale,Altbier,Hausbrauerei Zum Schlüssel,Brown Ale38
48113,Extremely Naughty Goose,8.6,Brown Ale,American Brown Ale,Goose Island Beer Co.,Brown Ale39
28165,Bender,5.1,Brown Ale,American Brown Ale,Surly Brewing Company,Brown Ale39
39239,Rye Knot Brown,6.1,Brown Ale,American Brown Ale,COAST Brewing Company,Brown Ale40
69935,No Crusts,6.0,Brown Ale,American Brown Ale,The Funky Buddha Lounge & Brewery,Brown Ale40
39239,Rye Knot Brown,6.1,Brown Ale,American Brown Ale,COAST Brewing Company,Brown Ale41
6406,Original Schlüssel Alt,5.0,Brown Ale,Altbier,Hausbrauerei Zum Schlüssel,Brown Ale41
39239,Rye Knot Brown,6.1,Brown Ale,American Brown Ale,COAST Brewing Company,Brown Ale42
28165,Bender,5.1,Brown Ale,American Brown Ale,Surly Brewing Company,Brown Ale42
69935,No Crusts,6.0,Brown Ale,American Brown Ale,The Funky Buddha Lounge & Brewery,Brown Ale43
6406,Original Schlüssel Alt,5.0,Brown Ale,Altbier,Hausbrauerei Zum Schlüssel,Brown Ale43
69935,No Crusts,6.0,Brown Ale,American Brown Ale,The Funky Buddha Lounge & Brewery,Brown Ale44
28165,Bender,5.1,Brown Ale,American Brown Ale,Surly Brewing Company,Brown Ale44
6406,Original Schlüssel Alt,5.0,Brown Ale,Altbier,Hausbrauerei Zum Schlüssel,Brown Ale45
28165,Bender,5.1,Brown Ale,American Brown Ale,Surly Brewing Company,Brown Ale45
